GO:0006644	biological_process	phospholipid metabolic process
GO:0006631	biological_process	fatty acid metabolic process
GO:0006629	biological_process	lipid metabolic process
GO:0043648	biological_process	dicarboxylic acid metabolic process
GO:0016053	biological_process	organic acid biosynthetic process
GO:0016054	biological_process	organic acid catabolic process
GO:0016042	biological_process	lipid catabolic process
GO:0016043	biological_process	cellular component organization
GO:0031667	biological_process	response to nutrient levels
GO:0043604	biological_process	amide biosynthetic process
GO:0043603	biological_process	amide metabolic process
GO:0006721	biological_process	terpenoid metabolic process
GO:0006720	biological_process	isoprenoid metabolic process
GO:0006725	biological_process	cellular aromatic compound metabolic process
GO:0006766	biological_process	vitamin metabolic process
GO:0006772	biological_process	thiamine metabolic process
GO:0006767	biological_process	water-soluble vitamin metabolic process
GO:0006753	biological_process	nucleoside phosphate metabolic process
GO:0016117	biological_process	carotenoid biosynthetic process
GO:0016119	biological_process	carotene metabolic process
GO:0016120	biological_process	carotene biosynthetic process
GO:0016108	biological_process	tetraterpenoid metabolic process
GO:0016109	biological_process	tetraterpenoid biosynthetic process
GO:0016114	biological_process	terpenoid biosynthetic process
GO:0016115	biological_process	terpenoid catabolic process
GO:0016116	biological_process	carotenoid metabolic process
GO:0006790	biological_process	sulfur compound metabolic process
GO:0006793	biological_process	phosphorus metabolic process
GO:0006796	biological_process	phosphate-containing compound metabolic process
GO:0006518	biological_process	peptide metabolic process
GO:0006581	biological_process	acetylcholine catabolic process
GO:0043436	biological_process	oxoacid metabolic process
GO:0090304	biological_process	nucleic acid metabolic process
GO:0051321	biological_process	meiotic cell cycle
GO:0110095	biological_process	cellular detoxification of aldehyde
GO:0110096	biological_process	cellular response to aldehyde
GO:0014070	biological_process	response to organic cyclic compound
GO:0006810	biological_process	transport
GO:0006807	biological_process	nitrogen compound metabolic process
GO:0006970	biological_process	response to osmotic stress
GO:0043933	biological_process	protein-containing complex organization
GO:0006952	biological_process	defense response
GO:0006950	biological_process	response to stress
GO:0006979	biological_process	response to oxidative stress
GO:0006996	biological_process	organelle organization
GO:0016101	biological_process	diterpenoid metabolic process
GO:0016102	biological_process	diterpenoid biosynthetic process
GO:0065007	biological_process	biological regulation
GO:0065003	biological_process	protein-containing complex assembly
GO:0016070	biological_process	RNA metabolic process
GO:0016071	biological_process	mRNA metabolic process
GO:0016072	biological_process	rRNA metabolic process
GO:0043412	biological_process	macromolecule modification
GO:0031425	biological_process	chloroplast RNA processing
GO:0033993	biological_process	response to lipid
GO:0006396	biological_process	RNA processing
GO:0099402	biological_process	plant organ development
GO:0051503	biological_process	adenine nucleotide transport
GO:0051501	biological_process	diterpene phytoalexin metabolic process
GO:0051502	biological_process	diterpene phytoalexin biosynthetic process
GO:0050794	biological_process	regulation of cellular process
GO:1905392	biological_process	plant organ morphogenesis
GO:0090567	biological_process	reproductive shoot system development
GO:0090698	biological_process	post-embryonic plant morphogenesis
GO:0090696	biological_process	post-embryonic plant organ development
GO:0090697	biological_process	post-embryonic plant organ morphogenesis
GO:0051640	biological_process	organelle localization
GO:0051641	biological_process	cellular localization
GO:0051649	biological_process	establishment of localization in cell
GO:0051647	biological_process	nucleus localization
GO:0051656	biological_process	establishment of organelle localization
GO:0000003	biological_process	reproduction
GO:0051761	biological_process	sesquiterpene metabolic process
GO:0051762	biological_process	sesquiterpene biosynthetic process
GO:0098727	biological_process	maintenance of cell number
GO:0050789	biological_process	regulation of biological process
GO:1901264	biological_process	carbohydrate derivative transport
GO:0098754	biological_process	detoxification
GO:1901293	biological_process	nucleoside phosphate biosynthetic process
GO:0001763	biological_process	morphogenesis of a branching structure
GO:0098869	biological_process	cellular oxidant detoxification
GO:0002213	biological_process	defense response to insect
GO:0051259	biological_process	protein complex oligomerization
GO:0051234	biological_process	establishment of localization
GO:0051180	biological_process	vitamin transport
GO:0051179	biological_process	localization
GO:0036172	biological_process	thiamine salvage
GO:0051707	biological_process	response to other organism
GO:0051716	biological_process	cellular response to stimulus
GO:0043170	biological_process	macromolecule metabolic process
GO:0006364	biological_process	rRNA processing
GO:0043207	biological_process	response to external biotic stimulus
GO:0016553	biological_process	base conversion or substitution editing
GO:0016554	biological_process	cytidine to uridine editing
GO:0016556	biological_process	mRNA modification
GO:0090407	biological_process	organophosphate biosynthetic process
GO:0006862	biological_process	nucleotide transport
GO:0045117	biological_process	azole transmembrane transport
GO:0008300	biological_process	isoprenoid catabolic process
GO:0008283	biological_process	cell population proliferation
GO:0008291	biological_process	acetylcholine metabolic process
GO:0008299	biological_process	isoprenoid biosynthetic process
GO:1901701	biological_process	cellular response to oxygen-containing compound
GO:1901700	biological_process	response to oxygen-containing compound
GO:0001676	biological_process	long-chain fatty acid metabolic process
GO:1901679	biological_process	nucleotide transmembrane transport
GO:0072531	biological_process	pyrimidine-containing compound transmembrane transport
GO:0072530	biological_process	purine-containing compound transmembrane transport
GO:1901617	biological_process	organic hydroxy compound biosynthetic process
GO:0072528	biological_process	pyrimidine-containing compound biosynthetic process
GO:0072527	biological_process	pyrimidine-containing compound metabolic process
GO:1901615	biological_process	organic hydroxy compound metabolic process
GO:0018130	biological_process	heterocycle biosynthetic process
GO:0072329	biological_process	monocarboxylic acid catabolic process
GO:0035349	biological_process	coenzyme A transmembrane transport
GO:1901360	biological_process	organic cyclic compound metabolic process
GO:1901362	biological_process	organic cyclic compound biosynthetic process
GO:0098542	biological_process	defense response to other organism
GO:0023052	biological_process	signaling
GO:1901135	biological_process	carbohydrate derivative metabolic process
GO:1901137	biological_process	carbohydrate derivative biosynthetic process
GO:0050896	biological_process	response to stimulus
GO:0050832	biological_process	defense response to fungus
GO:1901935	biological_process	beta-caryophyllene metabolic process
GO:1901937	biological_process	beta-caryophyllene biosynthetic process
GO:0008150	biological_process	biological_process
GO:0008152	biological_process	metabolic process
GO:0060771	biological_process	phyllotactic patterning
GO:1901565	biological_process	organonitrogen compound catabolic process
GO:1901564	biological_process	organonitrogen compound metabolic process
GO:1901566	biological_process	organonitrogen compound biosynthetic process
GO:1901576	biological_process	organic substance biosynthetic process
GO:1901575	biological_process	organic substance catabolic process
GO:0072348	biological_process	sulfur compound transport
GO:0032787	biological_process	monocarboxylic acid metabolic process
GO:0042723	biological_process	thiamine-containing compound metabolic process
GO:0042724	biological_process	thiamine-containing compound biosynthetic process
GO:0042758	biological_process	long-chain fatty acid catabolic process
GO:0035461	biological_process	vitamin transmembrane transport
GO:0008380	biological_process	RNA splicing
GO:0045339	biological_process	farnesyl diphosphate catabolic process
GO:0045338	biological_process	farnesyl diphosphate metabolic process
GO:0003002	biological_process	regionalization
GO:0042594	biological_process	response to starvation
GO:0030974	biological_process	thiamine pyrophosphate transmembrane transport
GO:0052314	biological_process	phytoalexin metabolic process
GO:0052315	biological_process	phytoalexin biosynthetic process
GO:0015697	biological_process	quaternary ammonium group transport
GO:0015695	biological_process	organic cation transport
GO:0070887	biological_process	cellular response to chemical stimulus
GO:0008610	biological_process	lipid biosynthetic process
GO:0008655	biological_process	pyrimidine-containing compound salvage
GO:0070542	biological_process	response to fatty acid
GO:0006139	biological_process	nucleobase-containing compound metabolic process
GO:0044706	biological_process	multi-multicellular organism process
GO:0019827	biological_process	stem cell population maintenance
GO:0032870	biological_process	cellular response to hormone stimulus
GO:0042542	biological_process	response to hydrogen peroxide
GO:0003006	biological_process	developmental process involved in reproduction
GO:0042254	biological_process	ribosome biogenesis
GO:0042214	biological_process	terpene metabolic process
GO:0042221	biological_process	response to chemical
GO:0042440	biological_process	pigment metabolic process
GO:0042364	biological_process	water-soluble vitamin biosynthetic process
GO:0019748	biological_process	secondary metabolic process
GO:0019752	biological_process	carboxylic acid metabolic process
GO:0006082	biological_process	organic acid metabolic process
GO:0006091	biological_process	generation of precursor metabolites and energy
GO:0006066	biological_process	alcohol metabolic process
GO:0080027	biological_process	response to herbivore
GO:0043094	biological_process	cellular metabolic compound salvage
GO:0055085	biological_process	transmembrane transport
GO:0055086	biological_process	nucleobase-containing small molecule metabolic process
GO:0043043	biological_process	peptide biosynthetic process
GO:0019953	biological_process	sexual reproduction
GO:0015888	biological_process	thiamine transport
GO:0015868	biological_process	purine ribonucleotide transport
GO:0015865	biological_process	purine nucleotide transport
GO:0015880	biological_process	coenzyme A transport
GO:0061458	biological_process	reproductive system development
GO:0048437	biological_process	floral organ development
GO:0048439	biological_process	flower morphogenesis
GO:0048444	biological_process	floral organ morphogenesis
GO:0048450	biological_process	floral organ structural organization
GO:1990641	biological_process	response to iron ion starvation
GO:0015931	biological_process	nucleobase-containing compound transport
GO:0015979	biological_process	photosynthesis
GO:1990559	biological_process	mitochondrial coenzyme A transmembrane transport
GO:0010022	biological_process	meristem determinacy
GO:0010021	biological_process	amylopectin biosynthetic process
GO:0010016	biological_process	shoot system morphogenesis
GO:0010033	biological_process	response to organic substance
GO:0010074	biological_process	maintenance of meristem identity
GO:0048608	biological_process	reproductive structure development
GO:0010073	biological_process	meristem maintenance
GO:0009056	biological_process	catabolic process
GO:0009059	biological_process	macromolecule biosynthetic process
GO:0015711	biological_process	organic anion transport
GO:2000896	biological_process	amylopectin metabolic process
GO:0015748	biological_process	organophosphate ester transport
GO:0097237	biological_process	cellular response to toxic substance
GO:0048856	biological_process	anatomical structure development
GO:0048868	biological_process	pollen tube development
GO:0071368	biological_process	cellular response to cytokinin stimulus
GO:0046394	biological_process	carboxylic acid biosynthetic process
GO:0046395	biological_process	carboxylic acid catabolic process
GO:0009404	biological_process	toxin metabolic process
GO:0009403	biological_process	toxin biosynthetic process
GO:0009314	biological_process	response to radiation
GO:0034309	biological_process	primary alcohol biosynthetic process
GO:0034308	biological_process	primary alcohol metabolic process
GO:0009395	biological_process	phospholipid catabolic process
GO:0071310	biological_process	cellular response to organic substance
GO:0009058	biological_process	biosynthetic process
GO:0010038	biological_process	response to metal ion
GO:0010035	biological_process	response to inorganic substance
GO:0009062	biological_process	fatty acid catabolic process
GO:0046148	biological_process	pigment biosynthetic process
GO:0046165	biological_process	alcohol biosynthetic process
GO:0071106	biological_process	adenosine 3',5'-bisphosphate transmembrane transport
GO:0009110	biological_process	vitamin biosynthetic process
GO:0010154	biological_process	fruit development
GO:0009141	biological_process	nucleoside triphosphate metabolic process
GO:0009142	biological_process	nucleoside triphosphate biosynthetic process
GO:0000377	biological_process	RNA splicing, via transesterification reactions with bulged adenosine as nucleophile
GO:1990748	biological_process	cellular detoxification
GO:0000375	biological_process	RNA splicing, via transesterification reactions
GO:0000373	biological_process	Group II intron splicing
GO:0048827	biological_process	phyllome development
GO:0009237	biological_process	siderophore metabolic process
GO:0009228	biological_process	thiamine biosynthetic process
GO:0034214	biological_process	protein hexamerization
GO:0009266	biological_process	response to temperature stimulus
GO:0046246	biological_process	terpene biosynthetic process
GO:0048367	biological_process	shoot system development
GO:0048366	biological_process	leaf development
GO:0048316	biological_process	seed development
GO:0097305	biological_process	response to alcohol
GO:0000302	biological_process	response to reactive oxygen species
GO:0048461	biological_process	flower structural organization
GO:0048564	biological_process	photosystem I assembly
GO:0120251	biological_process	hydrocarbon biosynthetic process
GO:0120252	biological_process	hydrocarbon metabolic process
GO:0048532	biological_process	anatomical structure arrangement
GO:0048507	biological_process	meristem development
GO:0048511	biological_process	rhythmic process
GO:0048731	biological_process	system development
GO:0044085	biological_process	cellular component biogenesis
GO:0009725	biological_process	response to hormone
GO:0009723	biological_process	response to ethylene
GO:0009719	biological_process	response to endogenous stimulus
GO:0009753	biological_process	response to jasmonic acid
GO:0009751	biological_process	response to salicylic acid
GO:0009755	biological_process	hormone-mediated signaling pathway
GO:0009736	biological_process	cytokinin-activated signaling pathway
GO:0009735	biological_process	response to cytokinin
GO:0009733	biological_process	response to auxin
GO:0009739	biological_process	response to gibberellin
GO:0009737	biological_process	response to abscisic acid
GO:0009686	biological_process	gibberellin biosynthetic process
GO:0009685	biological_process	gibberellin metabolic process
GO:0009651	biological_process	response to salt stress
GO:0009653	biological_process	anatomical structure morphogenesis
GO:0009658	biological_process	chloroplast organization
GO:0009657	biological_process	plastid organization
GO:0022613	biological_process	ribonucleoprotein complex biogenesis
GO:0034660	biological_process	ncRNA metabolic process
GO:0034654	biological_process	nucleobase-containing compound biosynthetic process
GO:0034641	biological_process	cellular nitrogen compound metabolic process
GO:0007049	biological_process	cell cycle
GO:0007097	biological_process	nuclear migration
GO:0046688	biological_process	response to copper ion
GO:0009888	biological_process	tissue development
GO:0009856	biological_process	pollination
GO:0009790	biological_process	embryo development
GO:0009793	biological_process	embryo development ending in seed dormancy
GO:0009791	biological_process	post-embryonic development
GO:0071705	biological_process	nitrogen compound transport
GO:0071704	biological_process	organic substance metabolic process
GO:0071702	biological_process	organic substance transport
GO:0007154	biological_process	cell communication
GO:0007165	biological_process	signal transduction
GO:0019184	biological_process	nonribosomal peptide biosynthetic process
GO:1900619	biological_process	acetate ester metabolic process
GO:0071495	biological_process	cellular response to endogenous stimulus
GO:0009416	biological_process	response to light stimulus
GO:0009409	biological_process	response to cold
GO:0009407	biological_process	toxin catabolic process
GO:0010467	biological_process	gene expression
GO:0009451	biological_process	RNA modification
GO:0022414	biological_process	reproductive process
GO:0034470	biological_process	ncRNA processing
GO:0046483	biological_process	heterocycle metabolic process
GO:0046417	biological_process	chorismate metabolic process
GO:0046434	biological_process	organophosphate catabolic process
GO:0022607	biological_process	cellular component assembly
GO:0009636	biological_process	response to toxic substance
GO:0009628	biological_process	response to abiotic stimulus
GO:0009642	biological_process	response to light intensity
GO:0009646	biological_process	response to absence of light
GO:0009611	biological_process	response to wounding
GO:0009607	biological_process	response to biotic stimulus
GO:0009605	biological_process	response to external stimulus
GO:0009620	biological_process	response to fungus
GO:0009625	biological_process	response to insect
GO:0009617	biological_process	response to bacterium
GO:0010582	biological_process	floral meristem determinacy
GO:0032502	biological_process	developmental process
GO:0032501	biological_process	multicellular organismal process
GO:0044419	biological_process	biological process involved in interspecies interaction between organisms
GO:0007623	biological_process	circadian rhythm
GO:0019637	biological_process	organophosphate metabolic process
GO:0019684	biological_process	photosynthesis, light reaction
GO:0044550	biological_process	secondary metabolite biosynthetic process
GO:0009908	biological_process	flower development
GO:0009956	biological_process	radial pattern formation
GO:0046907	biological_process	intracellular transport
GO:0009991	biological_process	response to extracellular stimulus
GO:0009987	biological_process	cellular process
GO:0007275	biological_process	multicellular organism development
GO:0044281	biological_process	small molecule metabolic process
GO:0044283	biological_process	small molecule biosynthetic process
GO:0044282	biological_process	small molecule catabolic process
GO:0019290	biological_process	siderophore biosynthetic process
GO:0044238	biological_process	primary metabolic process
GO:0044237	biological_process	cellular metabolic process
GO:0044242	biological_process	cellular lipid catabolic process
GO:0044249	biological_process	cellular biosynthetic process
GO:0044248	biological_process	cellular catabolic process
GO:0071840	biological_process	cellular component organization or biogenesis
GO:0044255	biological_process	cellular lipid metabolic process
GO:0044272	biological_process	sulfur compound biosynthetic process
GO:0044271	biological_process	cellular nitrogen compound biosynthetic process
GO:0019438	biological_process	aromatic compound biosynthetic process
GO:0071934	biological_process	thiamine transmembrane transport
GO:0007389	biological_process	pattern specification process
GO:1900865	biological_process	chloroplast RNA modification
GO:1900871	biological_process	chloroplast mRNA modification
GO:0006612	biological_process	protein targeting to membrane
GO:0006605	biological_process	protein targeting
GO:0043632	biological_process	modification-dependent macromolecule catabolic process
GO:0043647	biological_process	inositol phosphate metabolic process
GO:0016051	biological_process	carbohydrate biosynthetic process
GO:0031668	biological_process	cellular response to extracellular stimulus
GO:0031669	biological_process	cellular response to nutrient levels
GO:0016049	biological_process	cell growth
GO:0043562	biological_process	cellular response to nitrogen levels
GO:0006714	biological_process	sesquiterpenoid metabolic process
GO:0006715	biological_process	farnesol biosynthetic process
GO:0006750	biological_process	glutathione biosynthetic process
GO:0006749	biological_process	glutathione metabolic process
GO:0016106	biological_process	sesquiterpenoid biosynthetic process
GO:0006511	biological_process	ubiquitin-dependent protein catabolic process
GO:0006508	biological_process	proteolysis
GO:0006576	biological_process	biogenic amine metabolic process
GO:0006595	biological_process	polyamine metabolic process
GO:0006598	biological_process	polyamine catabolic process
GO:0016487	biological_process	farnesol metabolic process
GO:0110053	biological_process	regulation of actin filament organization
GO:0090150	biological_process	establishment of protein localization to membrane
GO:0006801	biological_process	superoxide metabolic process
GO:0016310	biological_process	phosphorylation
GO:0006995	biological_process	cellular response to nitrogen starvation
GO:0043953	biological_process	protein transport by the Tat complex
GO:0016093	biological_process	polyprenol metabolic process
GO:0016094	biological_process	polyprenol biosynthetic process
GO:0016098	biological_process	monoterpenoid metabolic process
GO:0016099	biological_process	monoterpenoid biosynthetic process
GO:0065008	biological_process	regulation of biological quality
GO:0065002	biological_process	intracellular protein transmembrane transport
GO:0065009	biological_process	regulation of molecular function
GO:0043693	biological_process	monoterpene biosynthetic process
GO:0043692	biological_process	monoterpene metabolic process
GO:0090066	biological_process	regulation of anatomical structure size
GO:0006457	biological_process	protein folding
GO:0043413	biological_process	macromolecule glycosylation
GO:0006486	biological_process	protein glycosylation
GO:0006468	biological_process	protein phosphorylation
GO:0031333	biological_process	negative regulation of protein-containing complex assembly
GO:0051493	biological_process	regulation of cytoskeleton organization
GO:0051494	biological_process	negative regulation of cytoskeleton organization
GO:1903046	biological_process	meiotic cell cycle process
GO:0050790	biological_process	regulation of catalytic activity
GO:0051129	biological_process	negative regulation of cellular component organization
GO:0051128	biological_process	regulation of cellular component organization
GO:0051156	biological_process	glucose 6-phosphate metabolic process
GO:0051651	biological_process	maintenance of location in cell
GO:0051668	biological_process	localization within membrane
GO:0051604	biological_process	protein maturation
GO:0051603	biological_process	proteolysis involved in protein catabolic process
GO:0061077	biological_process	chaperone-mediated protein folding
GO:1903448	biological_process	geraniol biosynthetic process
GO:1903446	biological_process	geraniol metabolic process
GO:0000002	biological_process	mitochondrial genome maintenance
GO:0098771	biological_process	inorganic ion homeostasis
GO:0002215	biological_process	defense response to nematode
GO:0051258	biological_process	protein polymerization
GO:0051276	biological_process	chromosome organization
GO:0110102	biological_process	ribulose bisphosphate carboxylase complex assembly
GO:0051235	biological_process	maintenance of location
GO:0000160	biological_process	phosphorelay signal transduction system
GO:0043254	biological_process	regulation of protein-containing complex assembly
GO:0016598	biological_process	protein arginylation
GO:0090480	biological_process	purine nucleotide-sugar transmembrane transport
GO:0006833	biological_process	water transport
GO:0006820	biological_process	monoatomic anion transport
GO:0006811	biological_process	monoatomic ion transport
GO:0006812	biological_process	monoatomic cation transport
GO:0006886	biological_process	intracellular protein transport
GO:0006873	biological_process	intracellular monoatomic ion homeostasis
GO:0006874	biological_process	intracellular calcium ion homeostasis
GO:0098662	biological_process	inorganic cation transmembrane transport
GO:0072594	biological_process	establishment of protein localization to organelle
GO:0072593	biological_process	reactive oxygen species metabolic process
GO:0072598	biological_process	protein localization to chloroplast
GO:0072596	biological_process	establishment of protein localization to chloroplast
GO:0060560	biological_process	developmental growth involved in morphogenesis
GO:1901698	biological_process	response to nitrogen compound
GO:0035556	biological_process	intracellular signal transduction
GO:1901654	biological_process	response to ketone
GO:0006259	biological_process	DNA metabolic process
GO:0018202	biological_process	peptidyl-histidine modification
GO:0070727	biological_process	cellular macromolecule localization
GO:0018193	biological_process	peptidyl-amino acid modification
GO:0098660	biological_process	inorganic ion transmembrane transport
GO:0098656	biological_process	monoatomic anion transmembrane transport
GO:0098655	biological_process	monoatomic cation transmembrane transport
GO:0098813	biological_process	nuclear chromosome segregation
GO:0050801	biological_process	monoatomic ion homeostasis
GO:0070192	biological_process	chromosome organization involved in meiotic cell cycle
GO:0045184	biological_process	establishment of protein localization
GO:0045185	biological_process	maintenance of protein location
GO:0008104	biological_process	protein localization
GO:0008154	biological_process	actin polymerization or depolymerization
GO:0045132	biological_process	meiotic chromosome segregation
GO:0045144	biological_process	meiotic sister chromatid segregation
GO:0045143	biological_process	homologous chromosome segregation
GO:0072657	biological_process	protein localization to membrane
GO:0070085	biological_process	glycosylation
GO:0008064	biological_process	regulation of actin polymerization or depolymerization
GO:0045038	biological_process	protein import into chloroplast thylakoid membrane
GO:0045036	biological_process	protein targeting to chloroplast
GO:0033043	biological_process	regulation of organelle organization
GO:0033036	biological_process	macromolecule localization
GO:0060359	biological_process	response to ammonium ion
GO:0030163	biological_process	protein catabolic process
GO:0042126	biological_process	nitrate metabolic process
GO:0042128	biological_process	nitrate assimilation
GO:0033332	biological_process	ent-kaurene biosynthetic process
GO:0033331	biological_process	ent-kaurene metabolic process
GO:0033365	biological_process	protein localization to organelle
GO:0045333	biological_process	cellular respiration
GO:0070482	biological_process	response to oxygen levels
GO:0015031	biological_process	protein transport
GO:0040007	biological_process	growth
GO:0042592	biological_process	homeostatic process
GO:0042989	biological_process	sequestering of actin monomers
GO:0005992	biological_process	trehalose biosynthetic process
GO:0005991	biological_process	trehalose metabolic process
GO:0005984	biological_process	disaccharide metabolic process
GO:0005975	biological_process	carbohydrate metabolic process
GO:0033517	biological_process	myo-inositol hexakisphosphate metabolic process
GO:0033554	biological_process	cellular response to stress
GO:0018106	biological_process	peptidyl-histidine phosphorylation
GO:0019725	biological_process	cellular homeostasis
GO:0044743	biological_process	protein transmembrane import into intracellular organelle
GO:0030029	biological_process	actin filament-based process
GO:0030003	biological_process	intracellular monoatomic cation homeostasis
GO:0042044	biological_process	fluid transport
GO:0017038	biological_process	protein import
GO:0030041	biological_process	actin filament polymerization
GO:0030036	biological_process	actin cytoskeleton organization
GO:0030845	biological_process	phospholipase C-inhibiting G protein-coupled receptor signaling pathway
GO:0030833	biological_process	regulation of actin filament polymerization
GO:0030832	biological_process	regulation of actin filament length
GO:0030837	biological_process	negative regulation of actin filament polymerization
GO:0042886	biological_process	amide transport
GO:0032958	biological_process	inositol phosphate biosynthetic process
GO:0032956	biological_process	regulation of actin cytoskeleton organization
GO:0032970	biological_process	regulation of actin filament-based process
GO:0042445	biological_process	hormone metabolic process
GO:0042446	biological_process	hormone biosynthetic process
GO:0042402	biological_process	cellular biogenic amine catabolic process
GO:0019751	biological_process	polyol metabolic process
GO:0019755	biological_process	one-carbon compound transport
GO:0006040	biological_process	amino sugar metabolic process
GO:0043086	biological_process	negative regulation of catalytic activity
GO:0055074	biological_process	calcium ion homeostasis
GO:0055082	biological_process	intracellular chemical homeostasis
GO:0055080	biological_process	monoatomic cation homeostasis
GO:0019941	biological_process	modification-dependent protein catabolic process
GO:0062197	biological_process	cellular response to chemical stress
GO:0015840	biological_process	urea transport
GO:0015866	biological_process	ADP transport
GO:1902074	biological_process	response to salt
GO:0015980	biological_process	energy derivation by oxidation of organic compounds
GO:0034059	biological_process	response to anoxia
GO:1900160	biological_process	plastid chromosome packaging
GO:0010043	biological_process	response to zinc ion
GO:0009057	biological_process	macromolecule catabolic process
GO:0015780	biological_process	nucleotide-sugar transmembrane transport
GO:0000280	biological_process	nuclear division
GO:0036293	biological_process	response to decreased oxygen levels
GO:0048285	biological_process	organelle fission
GO:0036211	biological_process	protein modification process
GO:0009310	biological_process	amine catabolic process
GO:0009312	biological_process	oligosaccharide biosynthetic process
GO:0009311	biological_process	oligosaccharide metabolic process
GO:0009308	biological_process	amine metabolic process
GO:0046351	biological_process	disaccharide biosynthetic process
GO:0061982	biological_process	meiosis I cell cycle process
GO:0061983	biological_process	meiosis II cell cycle process
GO:0009060	biological_process	aerobic respiration
GO:0010045	biological_process	response to nickel cation
GO:0046173	biological_process	polyol biosynthetic process
GO:0000819	biological_process	sister chromatid segregation
GO:0009101	biological_process	glycoprotein biosynthetic process
GO:0009100	biological_process	glycoprotein metabolic process
GO:1902600	biological_process	proton transmembrane transport
GO:0000902	biological_process	cell morphogenesis
GO:2001057	biological_process	reactive nitrogen species metabolic process
GO:0010264	biological_process	myo-inositol hexakisphosphate biosynthetic process
GO:0048878	biological_process	chemical homeostasis
GO:0034220	biological_process	monoatomic ion transmembrane transport
GO:0009267	biological_process	cellular response to starvation
GO:0010243	biological_process	response to organonitrogen compound
GO:1902903	biological_process	regulation of supramolecular fiber organization
GO:1902904	biological_process	negative regulation of supramolecular fiber organization
GO:0000305	biological_process	response to oxygen radical
GO:0000303	biological_process	response to superoxide
GO:0097435	biological_process	supramolecular fiber organization
GO:0048589	biological_process	developmental growth
GO:0120254	biological_process	olefinic compound metabolic process
GO:0120255	biological_process	olefinic compound biosynthetic process
GO:0048519	biological_process	negative regulation of biological process
GO:0048523	biological_process	negative regulation of cellular process
GO:0010167	biological_process	response to nitrate
GO:0044087	biological_process	regulation of cellular component biogenesis
GO:0044092	biological_process	negative regulation of molecular function
GO:0007010	biological_process	cytoskeleton organization
GO:0007015	biological_process	actin filament organization
GO:0034614	biological_process	cellular response to reactive oxygen species
GO:0010639	biological_process	negative regulation of organelle organization
GO:0007005	biological_process	mitochondrion organization
GO:0007059	biological_process	chromosome segregation
GO:0009699	biological_process	phenylpropanoid biosynthetic process
GO:0009698	biological_process	phenylpropanoid metabolic process
GO:0032042	biological_process	mitochondrial DNA metabolic process
GO:0032025	biological_process	response to cobalt ion
GO:0046686	biological_process	response to cadmium ion
GO:0010817	biological_process	regulation of hormone levels
GO:0009826	biological_process	unidimensional cell growth
GO:0009809	biological_process	lignin biosynthetic process
GO:0009808	biological_process	lignin metabolic process
GO:0009851	biological_process	auxin biosynthetic process
GO:0009850	biological_process	auxin metabolic process
GO:0007135	biological_process	meiosis II
GO:0007129	biological_process	homologous chromosome pairing at meiosis
GO:0007127	biological_process	meiosis I
GO:0007186	biological_process	G protein-coupled receptor signaling pathway
GO:0071496	biological_process	cellular response to external stimulus
GO:0071450	biological_process	cellular response to oxygen radical
GO:0071451	biological_process	cellular response to superoxide
GO:0022402	biological_process	cell cycle process
GO:0009410	biological_process	response to xenobiotic stimulus
GO:0009408	biological_process	response to heat
GO:0010438	biological_process	cellular response to sulfur starvation
GO:0010497	biological_process	plasmodesmata-mediated intercellular transport
GO:0010496	biological_process	intercellular transport
GO:0009631	biological_process	cold acclimation
GO:0009635	biological_process	response to herbicide
GO:0034599	biological_process	cellular response to oxidative stress
GO:0019538	biological_process	protein metabolic process
GO:0032507	biological_process	maintenance of protein location in cell
GO:0032469	biological_process	endoplasmic reticulum calcium ion homeostasis
GO:0032535	biological_process	regulation of cellular component size
GO:0022900	biological_process	electron transport chain
GO:0071806	biological_process	protein transmembrane transport
GO:0046835	biological_process	carbohydrate phosphorylation
GO:0032271	biological_process	regulation of protein polymerization
GO:0032272	biological_process	negative regulation of protein polymerization
GO:0046898	biological_process	response to cycloheximide
GO:0140013	biological_process	meiotic nuclear division
GO:0019430	biological_process	removal of superoxide radicals
GO:0034976	biological_process	response to endoplasmic reticulum stress
GO:0071941	biological_process	nitrogen cycle metabolic process
GO:0031326	biological_process	regulation of cellular biosynthetic process
GO:0031323	biological_process	regulation of cellular metabolic process
GO:0051252	biological_process	regulation of RNA metabolic process
GO:0051171	biological_process	regulation of nitrogen compound metabolic process
GO:0006355	biological_process	regulation of DNA-templated transcription
GO:0060255	biological_process	regulation of macromolecule metabolic process
GO:0080090	biological_process	regulation of primary metabolic process
GO:2001141	biological_process	regulation of RNA biosynthetic process
GO:0009889	biological_process	regulation of biosynthetic process
GO:0010468	biological_process	regulation of gene expression
GO:0010556	biological_process	regulation of macromolecule biosynthetic process
GO:0019219	biological_process	regulation of nucleobase-containing compound metabolic process
GO:0019222	biological_process	regulation of metabolic process
