GO:0043621	molecular_function	protein self-association
GO:0004030	molecular_function	aldehyde dehydrogenase [NAD(P)+] activity
GO:0004031	molecular_function	aldehyde oxidase activity
GO:0004033	molecular_function	aldo-keto reductase (NADP) activity
GO:0004029	molecular_function	aldehyde dehydrogenase (NAD+) activity
GO:0016018	molecular_function	cyclosporin A binding
GO:0043546	molecular_function	molybdopterin cofactor binding
GO:0043565	molecular_function	sequence-specific DNA binding
GO:0004106	molecular_function	chorismate mutase activity
GO:0018488	molecular_function	aryl-aldehyde oxidase activity
GO:0004417	molecular_function	hydroxyethylthiazole kinase activity
GO:0004462	molecular_function	lactoylglutathione lyase activity
GO:0016491	molecular_function	oxidoreductase activity
GO:0004497	molecular_function	monooxygenase activity
GO:0016462	molecular_function	pyrophosphatase activity
GO:1905538	molecular_function	polysome binding
GO:0016903	molecular_function	oxidoreductase activity, acting on the aldehyde or oxo group of donors
GO:0016645	molecular_function	oxidoreductase activity, acting on the CH-NH group of donors
GO:0016647	molecular_function	oxidoreductase activity, acting on the CH-NH group of donors, oxygen as acceptor
GO:0004659	molecular_function	prenyltransferase activity
GO:0016651	molecular_function	oxidoreductase activity, acting on NAD(P)H
GO:0016653	molecular_function	oxidoreductase activity, acting on NAD(P)H, heme protein as acceptor
GO:0004672	molecular_function	protein kinase activity
GO:0004673	molecular_function	protein histidine kinase activity
GO:0016623	molecular_function	oxidoreductase activity, acting on the aldehyde or oxo group of donors, oxygen as acceptor
GO:0016624	molecular_function	oxidoreductase activity, acting on the aldehyde or oxo group of donors, disulfide as acceptor
GO:0016627	molecular_function	oxidoreductase activity, acting on the CH-CH group of donors
GO:0016628	molecular_function	oxidoreductase activity, acting on the CH-CH group of donors, NAD or NADP as acceptor
GO:0016614	molecular_function	oxidoreductase activity, acting on CH-OH group of donors
GO:0016615	molecular_function	malate dehydrogenase activity
GO:0016616	molecular_function	oxidoreductase activity, acting on the CH-OH group of donors, NAD or NADP as acceptor
GO:0016620	molecular_function	oxidoreductase activity, acting on the aldehyde or oxo group of donors, NAD or NADP as acceptor
GO:0016679	molecular_function	oxidoreductase activity, acting on diphenols and related substances as donors
GO:0016684	molecular_function	oxidoreductase activity, acting on peroxide as acceptor
GO:0016667	molecular_function	oxidoreductase activity, acting on a sulfur group of donors
GO:0016668	molecular_function	oxidoreductase activity, acting on a sulfur group of donors, NAD(P) as acceptor
GO:0016673	molecular_function	oxidoreductase activity, acting on a sulfur group of donors, iron-sulfur protein as acceptor
GO:0016661	molecular_function	oxidoreductase activity, acting on other nitrogenous compounds as donors
GO:0038023	molecular_function	signaling receptor activity
GO:0004340	molecular_function	glucokinase activity
GO:0004337	molecular_function	geranyltranstransferase activity
GO:0004357	molecular_function	glutamate-cysteine ligase activity
GO:0004332	molecular_function	fructose-bisphosphate aldolase activity
GO:0016301	molecular_function	kinase activity
GO:0004396	molecular_function	hexokinase activity
GO:0004362	molecular_function	glutathione-disulfide reductase (NADP) activity
GO:0004364	molecular_function	glutathione transferase activity
GO:0004363	molecular_function	glutathione synthase activity
GO:0016162	molecular_function	cellulose 1,4-beta-cellobiosidase activity
GO:0016165	molecular_function	linoleate 13S-lipoxygenase activity
GO:0004096	molecular_function	catalase activity
GO:0031420	molecular_function	alkali metal ion binding
GO:0031402	molecular_function	sodium ion binding
GO:0051536	molecular_function	iron-sulfur cluster binding
GO:0051537	molecular_function	2 iron, 2 sulfur cluster binding
GO:0051540	molecular_function	metal cluster binding
GO:0004611	molecular_function	phosphoenolpyruvate carboxykinase activity
GO:0004614	molecular_function	phosphoglucomutase activity
GO:0004601	molecular_function	peroxidase activity
GO:0004602	molecular_function	glutathione peroxidase activity
GO:0016767	molecular_function	geranylgeranyl-diphosphate geranylgeranyltransferase activity
GO:0004784	molecular_function	superoxide dismutase activity
GO:0016772	molecular_function	transferase activity, transferring phosphorus-containing groups
GO:0016773	molecular_function	phosphotransferase activity, alcohol group as acceptor
GO:0016775	molecular_function	phosphotransferase activity, nitrogenous group as acceptor
GO:0016776	molecular_function	phosphotransferase activity, phosphate group as acceptor
GO:0016755	molecular_function	aminoacyltransferase activity
GO:0016757	molecular_function	glycosyltransferase activity
GO:0016758	molecular_function	hexosyltransferase activity
GO:0004791	molecular_function	thioredoxin-disulfide reductase (NADP) activity
GO:0016765	molecular_function	transferase activity, transferring alkyl or aryl (other than methyl) groups
GO:0016744	molecular_function	transketolase or transaldolase activity
GO:0016746	molecular_function	acyltransferase activity
GO:0016740	molecular_function	transferase activity
GO:0016741	molecular_function	transferase activity, transferring one-carbon groups
GO:0016799	molecular_function	hydrolase activity, hydrolyzing N-glycosyl compounds
GO:0016788	molecular_function	hydrolase activity, acting on ester bonds
GO:0016791	molecular_function	phosphatase activity
GO:0016798	molecular_function	hydrolase activity, acting on glycosyl bonds
GO:0016787	molecular_function	hydrolase activity
GO:0051117	molecular_function	ATPase binding
GO:0051087	molecular_function	protein-folding chaperone binding
GO:0004740	molecular_function	pyruvate dehydrogenase (acetyl-transferring) kinase activity
GO:0004739	molecular_function	pyruvate dehydrogenase (acetyl-transferring) activity
GO:0004738	molecular_function	pyruvate dehydrogenase activity
GO:0016721	molecular_function	oxidoreductase activity, acting on superoxide radicals as acceptor
GO:0016701	molecular_function	oxidoreductase activity, acting on single donors with incorporation of molecular oxygen
GO:0016702	molecular_function	oxidoreductase activity, acting on single donors with incorporation of molecular oxygen, incorporation of two atoms of oxygen
GO:0016705	molecular_function	oxidoreductase activity, acting on paired donors, with incorporation or reduction of molecular oxygen
GO:0016706	molecular_function	2-oxoglutarate-dependent dioxygenase activity
GO:0016709	molecular_function	oxidoreductase activity, acting on paired donors, with incorporation or reduction of molecular oxygen, NAD(P)H as one donor, and incorporation of one atom of oxygen
GO:0036094	molecular_function	small molecule binding
GO:0047107	molecular_function	gamma-guanidinobutyraldehyde dehydrogenase activity
GO:0047105	molecular_function	4-trimethylammoniobutyraldehyde dehydrogenase activity
GO:0047134	molecular_function	protein-disulfide reductase (NAD(P)) activity
GO:1901265	molecular_function	nucleoside phosphate binding
GO:0098772	molecular_function	molecular function regulator activity
GO:0001786	molecular_function	phosphatidylserine binding
GO:0016879	molecular_function	ligase activity, forming carbon-nitrogen bonds
GO:0016881	molecular_function	acid-amino acid ligase activity
GO:0016866	molecular_function	intramolecular transferase activity
GO:0016868	molecular_function	intramolecular phosphotransferase activity
GO:0016874	molecular_function	ligase activity
GO:0016859	molecular_function	cis-trans isomerase activity
GO:0004888	molecular_function	transmembrane signaling receptor activity
GO:0051213	molecular_function	dioxygenase activity
GO:0004802	molecular_function	transketolase activity
GO:0004805	molecular_function	trehalose-phosphatase activity
GO:0016846	molecular_function	carbon-sulfur lyase activity
GO:0004857	molecular_function	enzyme inhibitor activity
GO:0016853	molecular_function	isomerase activity
GO:0016832	molecular_function	aldehyde-lyase activity
GO:0016835	molecular_function	carbon-oxygen lyase activity
GO:0016838	molecular_function	carbon-oxygen lyase activity, acting on phosphates
GO:0016840	molecular_function	carbon-nitrogen lyase activity
GO:0016841	molecular_function	ammonia-lyase activity
GO:0016829	molecular_function	lyase activity
GO:0016830	molecular_function	carbon-carbon lyase activity
GO:0016831	molecular_function	carboxy-lyase activity
GO:0016817	molecular_function	hydrolase activity, acting on acid anhydrides
GO:0016818	molecular_function	hydrolase activity, acting on acid anhydrides, in phosphorus-containing anhydrides
GO:0004842	molecular_function	ubiquitin-protein transferase activity
GO:0051765	molecular_function	inositol tetrakisphosphate kinase activity
GO:0051766	molecular_function	inositol trisphosphate kinase activity
GO:0000166	molecular_function	nucleotide binding
GO:0043167	molecular_function	ion binding
GO:0043169	molecular_function	cation binding
GO:0043168	molecular_function	anion binding
GO:0008940	molecular_function	nitrate reductase activity
GO:0008964	molecular_function	phosphoenolpyruvate carboxylase activity
GO:0004540	molecular_function	RNA nuclease activity
GO:0004550	molecular_function	nucleoside diphosphate kinase activity
GO:0004553	molecular_function	hydrolase activity, hydrolyzing O-glycosyl compounds
GO:0004518	molecular_function	nuclease activity
GO:0004568	molecular_function	chitinase activity
GO:0090422	molecular_function	thiamine pyrophosphate transmembrane transporter activity
GO:0090482	molecular_function	vitamin transmembrane transporter activity
GO:0016209	molecular_function	antioxidant activity
GO:0008308	molecular_function	voltage-gated monoatomic anion channel activity
GO:0008234	molecular_function	cysteine-type peptidase activity
GO:0008233	molecular_function	peptidase activity
GO:0033218	molecular_function	amide binding
GO:0008270	molecular_function	zinc ion binding
GO:0008289	molecular_function	lipid binding
GO:1901702	molecular_function	salt transmembrane transporter activity
GO:1901682	molecular_function	sulfur compound transmembrane transporter activity
GO:0047526	molecular_function	2'-hydroxyisoflavone reductase activity
GO:1901611	molecular_function	phosphatidylglycerol binding
GO:0070064	molecular_function	proline-rich region binding
GO:0008802	molecular_function	betaine-aldehyde dehydrogenase activity
GO:0008865	molecular_function	fructokinase activity
GO:0008843	molecular_function	endochitinase activity
GO:0102145	molecular_function	(3R)-(E)-nerolidol synthase activity
GO:0047325	molecular_function	inositol tetrakisphosphate 1-kinase activity
GO:1901363	molecular_function	heterocyclic compound binding
GO:0050502	molecular_function	cis-zeatin O-beta-D-glucosyltransferase activity
GO:0050661	molecular_function	NADP binding
GO:0050660	molecular_function	flavin adenine dinucleotide binding
GO:0060089	molecular_function	molecular transducer activity
GO:0035091	molecular_function	phosphatidylinositol binding
GO:0035251	molecular_function	UDP-glucosyltransferase activity
GO:0098847	molecular_function	sequence-specific single stranded DNA binding
GO:0047243	molecular_function	flavanone 7-O-beta-glucosyltransferase activity
GO:0047254	molecular_function	2,4-dihydroxy-7-methoxy-2H-1,4-benzoxazin-3(4H)-one 2-D-glucosyltransferase activity
GO:0070402	molecular_function	NADPH binding
GO:0008121	molecular_function	ubiquinol-cytochrome-c reductase activity
GO:0008194	molecular_function	UDP-glycosyltransferase activity
GO:0008168	molecular_function	methyltransferase activity
GO:0008171	molecular_function	O-methyltransferase activity
GO:0035639	molecular_function	purine ribonucleoside triphosphate binding
GO:1901505	molecular_function	carbohydrate derivative transmembrane transporter activity
GO:0008092	molecular_function	cytoskeletal protein binding
GO:0072341	molecular_function	modified amino acid binding
GO:1901474	molecular_function	azole transmembrane transporter activity
GO:0005253	molecular_function	monoatomic anion channel activity
GO:0019899	molecular_function	enzyme binding
GO:0042162	molecular_function	telomeric DNA binding
GO:0015101	molecular_function	organic cation transmembrane transporter activity
GO:0008422	molecular_function	beta-glucosidase activity
GO:0008320	molecular_function	protein transmembrane transporter activity
GO:0008324	molecular_function	monoatomic cation transmembrane transporter activity
GO:0070300	molecular_function	phosphatidic acid binding
GO:0008514	molecular_function	organic anion transmembrane transporter activity
GO:0008509	molecular_function	monoatomic anion transmembrane transporter activity
GO:0015038	molecular_function	glutathione disulfide oxidoreductase activity
GO:0015036	molecular_function	disulfide oxidoreductase activity
GO:0015035	molecular_function	protein-disulfide reductase activity
GO:0015078	molecular_function	proton transmembrane transporter activity
GO:0015075	molecular_function	monoatomic ion transmembrane transporter activity
GO:0042578	molecular_function	phosphoric ester hydrolase activity
GO:0015399	molecular_function	primary active transmembrane transporter activity
GO:1904091	molecular_function	non-ribosomal peptide synthetase activity
GO:0015453	molecular_function	oxidoreduction-driven active transmembrane transporter activity
GO:0050311	molecular_function	sulfite reductase (ferredoxin) activity
GO:0050302	molecular_function	indole-3-acetaldehyde oxidase activity
GO:0003690	molecular_function	double-stranded DNA binding
GO:0003691	molecular_function	double-stranded telomeric DNA binding
GO:0003697	molecular_function	single-stranded DNA binding
GO:0015651	molecular_function	quaternary ammonium group transmembrane transporter activity
GO:0003674	molecular_function	molecular_function
GO:0003676	molecular_function	nucleic acid binding
GO:0003677	molecular_function	DNA binding
GO:0001067	molecular_function	transcription regulatory region nucleic acid binding
GO:0015605	molecular_function	organophosphate ester transmembrane transporter activity
GO:0015318	molecular_function	inorganic molecular entity transmembrane transporter activity
GO:0043295	molecular_function	glutathione binding
GO:0045548	molecular_function	phenylalanine ammonia-lyase activity
GO:0045551	molecular_function	cinnamyl-alcohol dehydrogenase activity
GO:0008757	molecular_function	S-adenosylmethionine-dependent methyltransferase activity
GO:0019787	molecular_function	ubiquitin-like protein transferase activity
GO:0017113	molecular_function	dihydropyrimidine dehydrogenase (NADP+) activity
GO:0017076	molecular_function	purine nucleotide binding
GO:0140640	molecular_function	catalytic activity, acting on a nucleic acid
GO:0140678	molecular_function	molecular function inhibitor activity
GO:0005244	molecular_function	voltage-gated monoatomic ion channel activity
GO:0005215	molecular_function	transporter activity
GO:0015234	molecular_function	thiamine transmembrane transporter activity
GO:0015228	molecular_function	coenzyme A transmembrane transporter activity
GO:0042802	molecular_function	identical protein binding
GO:0042803	molecular_function	protein homodimerization activity
GO:0015216	molecular_function	purine nucleotide transmembrane transporter activity
GO:0015215	molecular_function	nucleotide transmembrane transporter activity
GO:0015250	molecular_function	water channel activity
GO:0015267	molecular_function	channel activity
GO:0015291	molecular_function	secondary active transmembrane transporter activity
GO:0005515	molecular_function	protein binding
GO:0005524	molecular_function	ATP binding
GO:0005543	molecular_function	phospholipid binding
GO:0042562	molecular_function	hormone binding
GO:0030554	molecular_function	adenyl nucleotide binding
GO:0005346	molecular_function	purine ribonucleotide transmembrane transporter activity
GO:0005372	molecular_function	water transmembrane transporter activity
GO:0042277	molecular_function	peptide binding
GO:0030234	molecular_function	enzyme regulator activity
GO:0044877	molecular_function	protein-containing complex binding
GO:0005488	molecular_function	binding
GO:0033707	molecular_function	3''-deamino-3''-oxonicotianamine reductase activity
GO:0043022	molecular_function	ribosome binding
GO:0043021	molecular_function	ribonucleoprotein complex binding
GO:0080013	molecular_function	(E,E)-geranyllinalool synthase activity
GO:0043047	molecular_function	single-stranded telomeric DNA binding
GO:0003755	molecular_function	peptidyl-prolyl cis-trans isomerase activity
GO:0003824	molecular_function	catalytic activity
GO:0015928	molecular_function	fucosidase activity
GO:0015926	molecular_function	glucosidase activity
GO:0015925	molecular_function	galactosidase activity
GO:0015923	molecular_function	mannosidase activity
GO:0003954	molecular_function	NADH dehydrogenase activity
GO:0003959	molecular_function	NADPH dehydrogenase activity
GO:0015932	molecular_function	nucleobase-containing compound transmembrane transporter activity
GO:0050463	molecular_function	nitrate reductase [NAD(P)H] activity
GO:0071077	molecular_function	adenosine 3',5'-bisphosphate transmembrane transporter activity
GO:0010011	molecular_function	auxin binding
GO:0052726	molecular_function	inositol-1,3,4-trisphosphate 5-kinase activity
GO:0052725	molecular_function	inositol-1,3,4-trisphosphate 6-kinase activity
GO:0003723	molecular_function	RNA binding
GO:0003725	molecular_function	double-stranded RNA binding
GO:0003727	molecular_function	single-stranded RNA binding
GO:0003729	molecular_function	mRNA binding
GO:0003700	molecular_function	DNA-binding transcription factor activity
GO:0003785	molecular_function	actin monomer binding
GO:0003779	molecular_function	actin binding
GO:0000287	molecular_function	magnesium ion binding
GO:0000295	molecular_function	adenine nucleotide transmembrane transporter activity
GO:0097159	molecular_function	organic cyclic compound binding
GO:1990837	molecular_function	sequence-specific double-stranded DNA binding
GO:0000976	molecular_function	transcription cis-regulatory region binding
GO:0010334	molecular_function	sesquiterpene synthase activity
GO:0010333	molecular_function	terpene synthase activity
GO:0009055	molecular_function	electron transfer activity
GO:0034008	molecular_function	R-linalool synthase activity
GO:0034007	molecular_function	S-linalool synthase activity
GO:0000825	molecular_function	inositol tetrakisphosphate 6-kinase activity
GO:0097367	molecular_function	carbohydrate derivative binding
GO:0097599	molecular_function	xylanase activity
GO:0009703	molecular_function	nitrate reductase (NADH) activity
GO:0022803	molecular_function	passive transmembrane transporter activity
GO:0022804	molecular_function	active transmembrane transporter activity
GO:0019200	molecular_function	carbohydrate kinase activity
GO:0019203	molecular_function	carbohydrate phosphatase activity
GO:0019205	molecular_function	nucleobase-containing compound kinase activity
GO:0022839	molecular_function	monoatomic ion gated channel activity
GO:0022836	molecular_function	gated channel activity
GO:0009885	molecular_function	transmembrane histidine kinase cytokinin receptor activity
GO:0022832	molecular_function	voltage-gated channel activity
GO:0009884	molecular_function	cytokinin receptor activity
GO:0009784	molecular_function	transmembrane receptor histidine kinase activity
GO:0019156	molecular_function	isoamylase activity
GO:0019140	molecular_function	inositol 3-kinase activity
GO:0019145	molecular_function	aminobutyraldehyde dehydrogenase activity
GO:0019199	molecular_function	transmembrane receptor protein kinase activity
GO:0046527	molecular_function	glucosyltransferase activity
GO:0046592	molecular_function	polyamine oxidase activity
GO:0032559	molecular_function	adenyl ribonucleotide binding
GO:0032553	molecular_function	ribonucleotide binding
GO:0032555	molecular_function	purine ribonucleotide binding
GO:0140318	molecular_function	protein transporter activity
GO:0140110	molecular_function	transcription regulator activity
GO:0046905	molecular_function	15-cis-phytoene synthase activity
GO:0046914	molecular_function	transition metal ion binding
GO:0009927	molecular_function	histidine phosphotransfer kinase activity
GO:0009977	molecular_function	proton motive force dependent protein transmembrane transporter activity
GO:0046857	molecular_function	oxidoreductase activity, acting on other nitrogenous compounds as donors, with NAD or NADP as acceptor
GO:0022884	molecular_function	macromolecule transmembrane transporter activity
GO:0022890	molecular_function	inorganic cation transmembrane transporter activity
GO:0046872	molecular_function	metal ion binding
GO:0009899	molecular_function	ent-kaurene synthase activity
GO:0022857	molecular_function	transmembrane transporter activity
GO:0022853	molecular_function	active monoatomic ion transmembrane transporter activity
GO:0140098	molecular_function	catalytic activity, acting on RNA
GO:0140096	molecular_function	catalytic activity, acting on a protein
GO:0046982	molecular_function	protein heterodimerization activity
GO:0046983	molecular_function	protein dimerization activity
GO:0071949	molecular_function	FAD binding
GO:0000156	molecular_function	phosphorelay response regulator activity
GO:0044183	molecular_function	protein folding chaperone
