GENE PRODUCT DB	GENE PRODUCT ID	SYMBOL	QUALIFIER	GO TERM	SLIMMED FROM	GO NAME	ECO ID	GO EVIDENCE CODE	REFERENCE	WITH/FROM	TAXON ID	ASSIGNED BY	ANNOTATION EXTENSION	GO ASPECT
UniProtKB	A0A060D764	GRF1	enables	GO:0005515	GO:0005515	protein binding	ECO:0000353	IPI	PMID:24854713	UniProtKB:A5HEH4	4577	UniProt		F
UniProtKB	A0A096SRM5	UGT708A6	enables	GO:0016740	GO:0035251	UDP-glucosyltransferase activity	ECO:0000314	IDA	PMID:24045947		4577	UniProt		F
UniProtKB	A0A096SRM5	UGT708A6	enables	GO:0016740	GO:0047243	flavanone 7-O-beta-glucosyltransferase activity	ECO:0000314	IDA	PMID:24045947		4577	UniProt		F
UniProtKB	A0A1D6EFT8	EDS	enables	GO:0003824	GO:0010333	terpene synthase activity	ECO:0000314	IDA	PMID:29570233		4577	UniProt		F
UniProtKB	A0A1D6F9Y9	CYP92C6	enables	GO:0003824	GO:0010333	terpene synthase activity	ECO:0000314	IDA	PMID:27662898		4577	UniProt		F
UniProtKB	A0A1D6GNR3	KWL1	enables	GO:0030234	GO:0004857	enzyme inhibitor activity	ECO:0000314	IDA	PMID:30651637		4577	PHI-base	has_input(UniProtKB:A0A0D1DWQ2)	F
UniProtKB	A0A1D6GQ67	CYP71Z16	enables	GO:0003824	GO:0010333	terpene synthase activity	ECO:0000314	IDA	PMID:29475898		4577	UniProt		F
UniProtKB	A0A1D6GQ67	CYP71Z16	enables	GO:0003824	GO:0016709	oxidoreductase activity, acting on paired donors, with incorporation or reduction of molecular oxygen, NAD(P)H as one donor, and incorporation of one atom of oxygen	ECO:0000314	IDA	PMID:29475898		4577	UniProt		F
UniProtKB	A0A1D6HSP4	CYP92C5	enables	GO:0003824	GO:0010333	terpene synthase activity	ECO:0000314	IDA	PMID:27662898		4577	UniProt		F
UniProtKB	A0A1D6IEG9	CRP1	enables	GO:0003723	GO:0003729	mRNA binding	ECO:0000314	IDA	PMID:23735295		4577	UniProt		F
UniProtKB	A0A1D6JZU3	103634525	enables	GO:0004518	GO:0004540	RNA nuclease activity	ECO:0000314	IDA	PMID:19682768		4577	AgBase		F
UniProtKB	A0A1D6K6U5	CPPS2	enables	GO:0003824	GO:0010333	terpene synthase activity	ECO:0000314	IDA	PMID:16307364		4577	UniProt		F
UniProtKB	A0A1D6K6U5	CPPS2	enables	GO:0003824	GO:0010333	terpene synthase activity	ECO:0000314	IDA	PMID:29475898		4577	UniProt		F
UniProtKB	A0A1D6K6U5	CPPS2	enables	GO:0003824	GO:0016853	isomerase activity	ECO:0000315	IMP	PMID:16307364		4577	UniProt		F
UniProtKB	A0A1D6KL43	PSA2	enables	GO:0003824	GO:0047134	protein-disulfide reductase (NAD(P)) activity	ECO:0000314	IDA	PMID:25228689		4577	UniProt		F
UniProtKB	A0A1D6KUI6	KSL4	enables	GO:0003824	GO:0010333	terpene synthase activity	ECO:0000314	IDA	PMID:29475898		4577	UniProt		F
UniProtKB	A0A1D6KUI6	KSL4	enables	GO:0003824	GO:0016829	lyase activity	ECO:0000314	IDA	PMID:29475898		4577	UniProt		F
UniProtKB	A0A1D6LTV0	TPS26	enables	GO:0003824	GO:0010333	terpene synthase activity	ECO:0000314	IDA	PMID:18218975		4577	UniProt		F
UniProtKB	A0A1D6N272	GRMZM2G124911	enables	GO:0005215	GO:0090422	thiamine pyrophosphate transmembrane transporter activity	ECO:0000314	IDA	PMID:22426856		4577	UniProt		F
UniProtKB	A0A291LSD6	TPS21	enables	GO:0003824	GO:0010333	terpene synthase activity	ECO:0000314	IDA	PMID:28931629		4577	UniProt		F
UniProtKB	A1XCI1	LOX6	enables	GO:0003824	GO:0016832	aldehyde-lyase activity	ECO:0000314	IDA	PMID:17922288		4577	AgBase		F
UniProtKB	A1XCI1	LOX6	NOT|enables	GO:0003824	GO:0016165	linoleate 13S-lipoxygenase activity	ECO:0000314	IDA	PMID:17922288		4577	AgBase		F
UniProtKB	A1XCI5	LOX10	enables	GO:0003824	GO:0016165	linoleate 13S-lipoxygenase activity	ECO:0000314	IDA	PMID:17005920		4577	AgBase		F
UniProtKB	A2SZW8	PER1	enables	GO:0003824	GO:0004601	peroxidase activity	ECO:0000315	IMP	PMID:18944174		4577	AgBase		F
UniProtKB	A5HEG9	GRF10	enables	GO:0005515	GO:0005515	protein binding	ECO:0000353	IPI	PMID:29437990	UniProtKB:A5HEH4	4577	UniProt		F
UniProtKB	A5HEG9	GRF10	enables	GO:0005515	GO:0005515	protein binding	ECO:0000353	IPI	PMID:24854713	UniProtKB:A5HEH4	4577	UniProt		F
UniProtKB	A5HEH4	GIF1	enables	GO:0005515	GO:0005515	protein binding	ECO:0000353	IPI	PMID:29437990	UniProtKB:A5HEG9	4577	UniProt		F
UniProtKB	A5HEH4	GIF1	enables	GO:0005515	GO:0005515	protein binding	ECO:0000353	IPI	PMID:24854713	UniProtKB:A0A060D764	4577	UniProt		F
UniProtKB	A5HEH4	GIF1	enables	GO:0005515	GO:0005515	protein binding	ECO:0000353	IPI	PMID:24854713	UniProtKB:A5HEG9	4577	UniProt		F
UniProtKB	A6MW92	bif2	enables	GO:0005515	GO:0005515	protein binding	ECO:0000353	IPI	PMID:18466309	UniProtKB:Q5MP56	4577	IntAct	occurs_in(GO:0005634)	F
UniProtKB	A6YRS1	rif1	enables	GO:0005515	GO:0005515	protein binding	ECO:0000353	IPI	PMID:17940002	UniProtKB:P13526	4577	IntAct		F
UniProtKB	A6YSL1	RNC1	enables	GO:0003723	GO:0003725	double-stranded RNA binding	ECO:0000314	IDA	PMID:17693527		4577	UniProt		F
UniProtKB	A6YSL1	RNC1	enables	GO:0003723	GO:0003727	single-stranded RNA binding	ECO:0000314	IDA	PMID:17693527		4577	UniProt		F
UniProtKB	A6YSL1	RNC1	enables	GO:0005515	GO:0005515	protein binding	ECO:0000353	IPI	PMID:19251672	UniProtKB:B6TTV8	4577	UniProt		F
UniProtKB	A6YSL1	RNC1	enables	GO:0005515	GO:0005515	protein binding	ECO:0000353	IPI	PMID:19251672	UniProtKB:B6TTV8	4577	IntAct		F
UniProtKB	A7LN87	PPR5	enables	GO:0003723	GO:0003727	single-stranded RNA binding	ECO:0000314	IDA	PMID:18669444		4577	UniProt		F
UniProtKB	A7UDM2	CFM2	enables	GO:0005515	GO:0005515	protein binding	ECO:0000353	IPI	PMID:19251672	UniProtKB:Q84N48	4577	IntAct		F
UniProtKB	B0KZ40	PSY3	enables	GO:0016740	GO:0016767	geranylgeranyl-diphosphate geranylgeranyltransferase activity	ECO:0000314	IDA	PMID:18162592		4577	UniProt		F
UniProtKB	B0KZ40	PSY3	enables	GO:0016787	GO:0046905	15-cis-phytoene synthase activity	ECO:0000314	IDA	PMID:18162592		4577	UniProt		F
UniProtKB	B1P758	FDX5	enables	GO:0005515	GO:0005515	protein binding	ECO:0000353	IPI	PMID:18632977	UniProtKB:Q8JNK2	4577	AgBase		F
UniProtKB	B2C4D0	TPS23	enables	GO:0003824	GO:0010333	terpene synthase activity	ECO:0000314	IDA	PMID:28428873		4577	UniProt		F
UniProtKB	B2C4D0	TPS23	enables	GO:0003824	GO:0010333	terpene synthase activity	ECO:0000314	IDA	PMID:18296628		4577	UniProt		F
UniProtKB	B2LXS7	WHY1	enables	GO:0003677	GO:0003677	DNA binding	ECO:0000314	IDA	PMID:18676978		4577	UniProt		F
UniProtKB	B2LXS7	WHY1	enables	GO:0003723	GO:0003723	RNA binding	ECO:0000314	IDA	PMID:18676978		4577	UniProt		F
UniProtKB	B4F8I5	COAC2	enables	GO:0005215	GO:0015228	coenzyme A transmembrane transporter activity	ECO:0000316	IGI	PMID:23590975	UniProtKB:P38702	4577	UniProt		F
UniProtKB	B4F8Z1	ATP4	enables	GO:0003723	GO:0003729	mRNA binding	ECO:0000314	IDA	PMID:22708543		4577	UniProt		F
UniProtKB	B4F9A4	DMAS1	enables	GO:0003824	GO:0033707	3''-deamino-3''-oxonicotianamine reductase activity	ECO:0000314	IDA	PMID:16926158		4577	UniProt		F
UniProtKB	B4FIJ0	GRMZM2G118515	enables	GO:0005215	GO:0090422	thiamine pyrophosphate transmembrane transporter activity	ECO:0000314	IDA	PMID:22426856		4577	UniProt		F
UniProtKB	B4FK49	ndpk1	enables	GO:0016301	GO:0004550	nucleoside diphosphate kinase activity	ECO:0000314	IDA	PMID:25679041		4577	UniProt		F
UniProtKB	B4FNK8	CM1	enables	GO:0005515	GO:0042803	protein homodimerization activity	ECO:0000353	IPI	PMID:21976020	UniProtKB:B4FNK8	4577	UniProt		F
UniProtKB	B4FNX4	MYB31	enables	GO:0003677	GO:0000976	transcription cis-regulatory region binding	ECO:0000314	IDA	PMID:16941210		4577	UniProt		F
UniProtKB	B4FNX4	MYB31	enables	GO:0003700	GO:0003700	DNA-binding transcription factor activity	ECO:0000314	IDA	PMID:16941210		4577	UniProt		F
UniProtKB	B4FNX4	MYB31	enables	GO:0003677	GO:0043565	sequence-specific DNA binding	ECO:0000314	IDA	PMID:16941210		4577	UniProt		F
UniProtKB	B4FRJ1	100272900	enables	GO:0003824	GO:0016615	malate dehydrogenase activity	ECO:0000314	IDA	PMID:21889053		4577	CACAO		F
UniProtKB	B4FUP5	CM2	enables	GO:0003824	GO:0004106	chorismate mutase activity	ECO:0000314	IDA	PMID:21976020		4577	UniProt		F
UniProtKB	B4FUP5	CM2	enables	GO:0005515	GO:0042803	protein homodimerization activity	ECO:0000353	IPI	PMID:21976020	UniProtKB:B4FUP5	4577	UniProt		F
UniProtKB	B4FVP3	CYP71Z18	enables	GO:0003824	GO:0010333	terpene synthase activity	ECO:0000314	IDA	PMID:26471326		4577	UniProt		F
UniProtKB	B4FVP3	CYP71Z18	enables	GO:0003824	GO:0016709	oxidoreductase activity, acting on paired donors, with incorporation or reduction of molecular oxygen, NAD(P)H as one donor, and incorporation of one atom of oxygen	ECO:0000314	IDA	PMID:26471326		4577	UniProt		F
UniProtKB	B4FX20	100286384	enables	GO:0005515	GO:0042802	identical protein binding	ECO:0000353	IPI	PMID:19450586	UniProtKB:B4FX20	4577	IntAct		F
UniProtKB	B4FZ81	PTAC12	enables	GO:0003677	GO:0003697	single-stranded DNA binding	ECO:0000314	IDA	PMID:25599833		4577	UniProt		F
UniProtKB	B4FZ81	PTAC12	enables	GO:0003723	GO:0003727	single-stranded RNA binding	ECO:0000314	IDA	PMID:25599833		4577	UniProt		F
UniProtKB	B4FZ94	100274139	enables	GO:0005515	GO:0042802	identical protein binding	ECO:0000353	IPI	PMID:31133698	UniProtKB:B4FZ94	4577	IntAct		F
UniProtKB	B4G072	BX9	enables	GO:0016740	GO:0047254	2,4-dihydroxy-7-methoxy-2H-1,4-benzoxazin-3(4H)-one 2-D-glucosyltransferase activity	ECO:0000314	IDA	PMID:11851909		4577	UniProt		F
UniProtKB	B6TGM8	100283283	enables	GO:0016301	GO:0004672	protein kinase activity	ECO:0000315	IMP	PMID:23469147		4577	CACAO		F
UniProtKB	B6TTV8	WTF1	enables	GO:0003723	GO:0003723	RNA binding	ECO:0000314	IDA	PMID:19251672		4577	UniProt		F
UniProtKB	B6TTV8	WTF1	enables	GO:0005515	GO:0005515	protein binding	ECO:0000353	IPI	PMID:19251672	UniProtKB:A6YSL1	4577	UniProt		F
UniProtKB	B6TTV8	WTF1	enables	GO:0005515	GO:0005515	protein binding	ECO:0000353	IPI	PMID:19251672	UniProtKB:A6YSL1	4577	IntAct		F
UniProtKB	B6TTV8	WTF1	enables	GO:0005515	GO:0005515	protein binding	ECO:0000353	IPI	PMID:19251672	UniProtKB:Q84N48	4577	IntAct		F
UniProtKB	B6TTV8	WTF1	enables	GO:0005515	GO:0005515	protein binding	ECO:0000353	IPI	PMID:19251672	UniProtKB:Q84N49	4577	IntAct		F
UniProtKB	B8Y6I0	PPR10	enables	GO:0005515	GO:0042802	identical protein binding	ECO:0000353	IPI	PMID:24162847	UniProtKB:B8Y6I0	4577	IntAct		F
UniProtKB	C0P9J6	AMADH1A	enables	GO:0003824	GO:0008802	betaine-aldehyde dehydrogenase activity	ECO:0000314	IDA	PMID:23408433		4577	UniProt		F
UniProtKB	C0P9J6	AMADH1A	enables	GO:0003824	GO:0019145	aminobutyraldehyde dehydrogenase activity	ECO:0000314	IDA	PMID:23408433		4577	UniProt		F
UniProtKB	C0P9J6	AMADH1A	enables	GO:0005488	GO:0031402	sodium ion binding	ECO:0000314	IDA	PMID:23408433		4577	UniProt		F
UniProtKB	C0P9J6	AMADH1A	enables	GO:0005515	GO:0042803	protein homodimerization activity	ECO:0000314	IDA	PMID:23408433		4577	UniProt		F
UniProtKB	C0P9J6	AMADH1A	enables	GO:0003824	GO:0047105	4-trimethylammoniobutyraldehyde dehydrogenase activity	ECO:0000314	IDA	PMID:23408433		4577	UniProt		F
UniProtKB	C0P9J6	AMADH1A	enables	GO:0003824	GO:0047107	gamma-guanidinobutyraldehyde dehydrogenase activity	ECO:0000314	IDA	PMID:23408433		4577	UniProt		F
UniProtKB	C6KEM4	AMADH2	enables	GO:0003824	GO:0019145	aminobutyraldehyde dehydrogenase activity	ECO:0000314	IDA	PMID:23408433		4577	UniProt		F
UniProtKB	C6KEM4	AMADH2	enables	GO:0003824	GO:0047105	4-trimethylammoniobutyraldehyde dehydrogenase activity	ECO:0000314	IDA	PMID:23408433		4577	UniProt		F
UniProtKB	C6KEM4	AMADH2	enables	GO:0003824	GO:0047107	gamma-guanidinobutyraldehyde dehydrogenase activity	ECO:0000314	IDA	PMID:23408433		4577	UniProt		F
UniProtKB	D4HR93	PR10.1	enables	GO:0004518	GO:0004540	RNA nuclease activity	ECO:0000314	IDA	PMID:19682768		4577	AgBase		F
UniProtKB	G5DDC2	AMADH1B	enables	GO:0003824	GO:0008802	betaine-aldehyde dehydrogenase activity	ECO:0000314	IDA	PMID:23408433		4577	UniProt		F
UniProtKB	G5DDC2	AMADH1B	enables	GO:0003824	GO:0019145	aminobutyraldehyde dehydrogenase activity	ECO:0000314	IDA	PMID:23408433		4577	UniProt		F
UniProtKB	G5DDC2	AMADH1B	enables	GO:0003824	GO:0047105	4-trimethylammoniobutyraldehyde dehydrogenase activity	ECO:0000314	IDA	PMID:23408433		4577	UniProt		F
UniProtKB	G5DDC2	AMADH1B	enables	GO:0003824	GO:0047107	gamma-guanidinobutyraldehyde dehydrogenase activity	ECO:0000314	IDA	PMID:23408433		4577	UniProt		F
UniProtKB	H6TS39	RFP1	enables	GO:0016740	GO:0004842	ubiquitin-protein transferase activity	ECO:0000314	IDA	PMID:22245611		4577	CACAO		F
UniProtKB	K7TLS0	MYB69	enables	GO:0003677	GO:0000976	transcription cis-regulatory region binding	ECO:0000314	IDA	PMID:35640133		4577	UniProt		F
UniProtKB	K7TLS0	MYB69	enables	GO:0003700	GO:0003700	DNA-binding transcription factor activity	ECO:0000314	IDA	PMID:35640133		4577	UniProt		F
UniProtKB	K7TLS0	MYB69	enables	GO:0003677	GO:0043565	sequence-specific DNA binding	ECO:0000314	IDA	PMID:35640133		4577	UniProt		F
UniProtKB	K7UPS5	MYB42	enables	GO:0003677	GO:0000976	transcription cis-regulatory region binding	ECO:0000314	IDA	PMID:16941210		4577	UniProt		F
UniProtKB	K7UPS5	MYB42	enables	GO:0003700	GO:0003700	DNA-binding transcription factor activity	ECO:0000314	IDA	PMID:16941210		4577	UniProt		F
UniProtKB	K7UPS5	MYB42	enables	GO:0003677	GO:0043565	sequence-specific DNA binding	ECO:0000314	IDA	PMID:16941210		4577	UniProt		F
UniProtKB	K7VCB9	THIM	enables	GO:0016301	GO:0004417	hydroxyethylthiazole kinase activity	ECO:0000314	IDA	PMID:23816351		4577	UniProt		F
UniProtKB	K7VYZ9	COAC1	enables	GO:0005215	GO:0015228	coenzyme A transmembrane transporter activity	ECO:0000316	IGI	PMID:23590975	UniProtKB:P38702	4577	UniProt		F
UniProtKB	K7WIZ6	PYRR	enables	GO:0003824	GO:0017113	dihydropyrimidine dehydrogenase (NADP+) activity	ECO:0000314	IDA	PMID:23150645		4577	CACAO		F
UniProtKB	K7WIZ6	PYRR	enables	GO:0016787	GO:0016799	hydrolase activity, hydrolyzing N-glycosyl compounds	ECO:0000314	IDA	PMID:25431972		4577	UniProt		F
UniProtKB	O22637	SU1	enables	GO:0016787	GO:0019156	isoamylase activity	ECO:0000314	IDA	PMID:9625695		4577	UniProt		F
UniProtKB	O22655	PRO4	enables	GO:0005515	GO:0003785	actin monomer binding	ECO:0000314	IDA	PMID:9634586		4577	AgBase		F
UniProtKB	O22655	PRO4	enables	GO:0005515	GO:0070064	proline-rich region binding	ECO:0000314	IDA	PMID:9634586		4577	AgBase		F
UniProtKB	O22655	PRO4	enables	GO:0005515	GO:0070064	proline-rich region binding	ECO:0000315	IMP	PMID:9634586		4577	AgBase		F
UniProtKB	O23813	SIR	enables	GO:0003677	GO:0003677	DNA binding	ECO:0000314	IDA	PMID:17371503		4577	UniProt		F
UniProtKB	O23813	SIR	enables	GO:0003824	GO:0050311	sulfite reductase (ferredoxin) activity	ECO:0000314	IDA	PMID:10506201		4577	UniProt		F
UniProtKB	O23813	SIR	enables	GO:0003677	GO:0003690	double-stranded DNA binding	ECO:0000314	IDA	PMID:11997391		4577	CAFA		F
UniProtKB	O23887	AO1	enables	GO:0005488	GO:0043546	molybdopterin cofactor binding	ECO:0000314	IDA	PMID:12226218		4577	UniProt		F
UniProtKB	O23887	AO1	enables	GO:0000166	GO:0071949	FAD binding	ECO:0000314	IDA	PMID:12226218		4577	UniProt		F
UniProtKB	O23887	AO1	enables	GO:0003824	GO:0050302	indole-3-acetaldehyde oxidase activity	ECO:0000314	IDA	PMID:12226218		4577	UniProt		F
UniProtKB	O24413	RPP3A	enables	GO:0005515	GO:0044877	protein-containing complex binding	ECO:0000314	IDA	PMID:9276949		4577	AgBase		F
UniProtKB	O24415	RPP2B	enables	GO:0005515	GO:0044877	protein-containing complex binding	ECO:0000314	IDA	PMID:9276949		4577	AgBase		F
UniProtKB	O24562	CAD	enables	GO:0003824	GO:0045551	cinnamyl-alcohol dehydrogenase activity	ECO:0000315	IMP	PMID:9675900		4577	UniProt		F
UniProtKB	O24573	RP-P0	enables	GO:0005515	GO:0044877	protein-containing complex binding	ECO:0000314	IDA	PMID:9276949		4577	AgBase		F
UniProtKB	O24585	CR4	enables	GO:0005515	GO:0042803	protein homodimerization activity	ECO:0000314	IDA	PMID:18539132		4577	UniProt		F
UniProtKB	O24595	GST5	enables	GO:0016740	GO:0004364	glutathione transferase activity	ECO:0000314	IDA	PMID:10527424		4577	AgBase		F
UniProtKB	O24595	GST5	enables	GO:0005515	GO:0042803	protein homodimerization activity	ECO:0000314	IDA	PMID:10527424		4577	AgBase		F
UniProtKB	O24595	GST5	enables	GO:0005515	GO:0046982	protein heterodimerization activity	ECO:0000314	IDA	PMID:10527424		4577	AgBase		F
UniProtKB	O48950	TATB	enables	GO:0005215	GO:0009977	proton motive force dependent protein transmembrane transporter activity	ECO:0000314	IDA	PMID:9367960		4577	UniProt		F
UniProtKB	O48950	TATB	enables	GO:0005215	GO:0009977	proton motive force dependent protein transmembrane transporter activity	ECO:0000314	IDA	PMID:10402459		4577	UniProt		F
UniProtKB	O49163	Hm1	enables	GO:0003824	GO:0016491	oxidoreductase activity	ECO:0000314	IDA	PMID:16668492		4577	UniProt		F
UniProtKB	O49163	Hm1	enables	GO:0003824	GO:0004033	aldo-keto reductase (NADP) activity	ECO:0000314	IDA	PMID:16668492		4577	UniProt		F
UniProtKB	O49973	KAPP	enables	GO:0005515	GO:0005515	protein binding	ECO:0000353	IPI	PMID:9263453	UniProtKB:O49974	4577	IntAct		F
UniProtKB	O49974	KIK1	enables	GO:0005515	GO:0005515	protein binding	ECO:0000353	IPI	PMID:10393905	UniProtKB:P46014	4577	IntAct		F
UniProtKB	O49974	KIK1	enables	GO:0005515	GO:0005515	protein binding	ECO:0000353	IPI	PMID:9263453	UniProtKB:O49973	4577	IntAct		F
UniProtKB	O64409	gor1	enables	GO:0003824	GO:0004362	glutathione-disulfide reductase (NADP) activity	ECO:0000314	IDA	DOI:10.1007/s11738-008-0134-x		4577	AgBase		F
UniProtKB	O64411	MPAO1	enables	GO:0003824	GO:0046592	polyamine oxidase activity	ECO:0000314	IDA	PMID:16331971		4577	UniProt		F
UniProtKB	O64411	MPAO1	enables	GO:0000166	GO:0050660	flavin adenine dinucleotide binding	ECO:0000314	IDA	PMID:16331971		4577	UniProt		F
UniProtKB	O64964	TIP1-1	enables	GO:0005215	GO:0015250	water channel activity	ECO:0000314	IDA	PMID:9701570		4577	AgBase		F
UniProtKB	O80413	103627788	enables	GO:0005515	GO:0005515	protein binding	ECO:0000353	IPI	PMID:17981999	UniProtKB:F4KCL7	4577	IntAct		F
UniProtKB	O80413	103627788	enables	GO:0005515	GO:0005515	protein binding	ECO:0000353	IPI	PMID:17981999	UniProtKB:O64471	4577	IntAct		F
UniProtKB	O80413	103627788	enables	GO:0005515	GO:0005515	protein binding	ECO:0000353	IPI	PMID:17981999	UniProtKB:P82805	4577	IntAct		F
UniProtKB	O80429	FDX2	enables	GO:0005515	GO:0005515	protein binding	ECO:0000353	IPI	PMID:18632977	UniProtKB:Q8JNK2	4577	AgBase		F
UniProtKB	O82423	541677	enables	GO:0000166	GO:0005524	ATP binding	ECO:0000314	IDA	PMID:9756901		4577	AgBase		F
UniProtKB	O82423	541677	enables	GO:0016301	GO:0004740	pyruvate dehydrogenase (acetyl-transferring) kinase activity	ECO:0000314	IDA	PMID:9756901		4577	AgBase		F
UniProtKB	O82424	O82424	enables	GO:0000166	GO:0005524	ATP binding	ECO:0000314	IDA	PMID:9756901		4577	AgBase		F
UniProtKB	O82424	O82424	enables	GO:0016301	GO:0004740	pyruvate dehydrogenase (acetyl-transferring) kinase activity	ECO:0000314	IDA	PMID:9756901		4577	AgBase		F
UniProtKB	P04711	PEP1	enables	GO:0003824	GO:0008964	phosphoenolpyruvate carboxylase activity	ECO:0000314	IDA	PMID:20600561		4577	CACAO		F
UniProtKB	P04907	GST3	enables	GO:0016740	GO:0004364	glutathione transferase activity	ECO:0000314	IDA	PMID:3532034		4577	AgBase		F
UniProtKB	P05494	ATPA	enables	GO:0005515	GO:0051087	protein-folding chaperone binding	ECO:0000353	IPI	PMID:1973526	UniProtKB:P29185	4577	AgBase		F
UniProtKB	P08440	P08440	enables	GO:0003824	GO:0004332	fructose-bisphosphate aldolase activity	ECO:0000314	IDA	PMID:1664617		4577	AgBase		F
UniProtKB	P09233	SODA.4	enables	GO:0003824	GO:0004784	superoxide dismutase activity	ECO:0000314	IDA	PMID:1516816		4577	AgBase		F
UniProtKB	P12365	CAT2	enables	GO:0003824	GO:0004096	catalase activity	ECO:0000314	IDA	PMID:17314079		4577	AgBase		F
UniProtKB	P12365	CAT2	enables	GO:0003824	GO:0004096	catalase activity	ECO:0000314	IDA	PMID:17555277		4577	AgBase		F
UniProtKB	P12365	CAT2	enables	GO:0003824	GO:0004096	catalase activity	ECO:0000314	IDA	PMID:11903976		4577	AgBase		F
UniProtKB	P12365	CAT2	enables	GO:0005515	GO:0005515	protein binding	ECO:0000353	IPI	PMID:17314079	UniProtKB:P18122	4577	AgBase		F
UniProtKB	P12365	CAT2	enables	GO:0005515	GO:0005515	protein binding	ECO:0000353	IPI	PMID:17314079	UniProtKB:P12365	4577	AgBase		F
UniProtKB	P12365	CAT2	enables	GO:0005515	GO:0005515	protein binding	ECO:0000353	IPI	PMID:11903976	UniProtKB:P18122	4577	AgBase		F
UniProtKB	P12653	GST1	enables	GO:0016740	GO:0004364	glutathione transferase activity	ECO:0000314	IDA	PMID:9417926		4577	AgBase		F
UniProtKB	P12950	DHN1	enables	GO:0008289	GO:0008289	lipid binding	ECO:0000269	EXP	PMID:12529538		4577	DisProt		F
UniProtKB	P12950	DHN1	enables	GO:0008289	GO:0001786	phosphatidylserine binding	ECO:0000314	IDA	PMID:12529538		4577	CAFA		F
UniProtKB	P12950	DHN1	enables	GO:0008289	GO:0035091	phosphatidylinositol binding	ECO:0000314	IDA	PMID:12529538		4577	CAFA		F
UniProtKB	P12950	DHN1	enables	GO:0008289	GO:0070300	phosphatidic acid binding	ECO:0000314	IDA	PMID:12529538		4577	CAFA		F
UniProtKB	P12950	DHN1	enables	GO:0008289	GO:1901611	phosphatidylglycerol binding	ECO:0000314	IDA	PMID:12529538		4577	CAFA		F
UniProtKB	P13526	LC	enables	GO:0005515	GO:0005515	protein binding	ECO:0000353	IPI	PMID:17940002	UniProtKB:A6YRS1	4577	IntAct		F
UniProtKB	P13689	ABP1	enables	GO:0005488	GO:0010011	auxin binding	ECO:0000314	IDA	PMID:12065401		4577	UniProt		F
UniProtKB	P13689	ABP1	enables	GO:0005488	GO:0008270	zinc ion binding	ECO:0000314	IDA	PMID:12065401		4577	UniProt		F
UniProtKB	P17571	NNR1	enables	GO:0003824	GO:0009703	nitrate reductase (NADH) activity	ECO:0000314	IDA	PMID:2189408		4577	UniProt		F
UniProtKB	P17571	NNR1	enables	GO:0000166	GO:0071949	FAD binding	ECO:0000314	IDA	PMID:7812715		4577	UniProt		F
UniProtKB	P17571	NNR1	enables	GO:0003824	GO:0009703	nitrate reductase (NADH) activity	ECO:0000315	IMP	PMID:8188655		4577	UniProt		F
UniProtKB	P18122	CAT1	enables	GO:0003824	GO:0004096	catalase activity	ECO:0000314	IDA	PMID:17314079		4577	AgBase		F
UniProtKB	P18122	CAT1	enables	GO:0003824	GO:0004096	catalase activity	ECO:0000314	IDA	PMID:17555277		4577	AgBase		F
UniProtKB	P18122	CAT1	enables	GO:0003824	GO:0004096	catalase activity	ECO:0000314	IDA	PMID:11903976		4577	AgBase		F
UniProtKB	P18122	CAT1	enables	GO:0003824	GO:0004096	catalase activity	ECO:0000314	IDA	PMID:12223775		4577	AgBase		F
UniProtKB	P18122	CAT1	enables	GO:0005515	GO:0005515	protein binding	ECO:0000353	IPI	PMID:17314079	UniProtKB:P12365	4577	AgBase		F
UniProtKB	P18122	CAT1	enables	GO:0005515	GO:0005515	protein binding	ECO:0000353	IPI	PMID:17314079	UniProtKB:P18122	4577	AgBase		F
UniProtKB	P18122	CAT1	enables	GO:0005515	GO:0005515	protein binding	ECO:0000353	IPI	PMID:11903976	UniProtKB:P12365	4577	AgBase		F
UniProtKB	P18123	CAT3	enables	GO:0003824	GO:0004096	catalase activity	ECO:0000314	IDA	PMID:17314079		4577	AgBase		F
UniProtKB	P18123	CAT3	enables	GO:0003824	GO:0004096	catalase activity	ECO:0000314	IDA	PMID:17555277		4577	AgBase		F
UniProtKB	P18123	CAT3	enables	GO:0003824	GO:0004096	catalase activity	ECO:0000314	IDA	PMID:11903976		4577	AgBase		F
UniProtKB	P18123	CAT3	enables	GO:0003824	GO:0004096	catalase activity	ECO:0000314	IDA	PMID:12223775		4577	AgBase		F
UniProtKB	P18123	CAT3	enables	GO:0005515	GO:0005515	protein binding	ECO:0000353	IPI	PMID:17314079	UniProtKB:P18123	4577	AgBase		F
UniProtKB	P21569	CYP	enables	GO:0003824	GO:0003755	peptidyl-prolyl cis-trans isomerase activity	ECO:0000314	IDA	PMID:8645184		4577	AgBase		F
UniProtKB	P21569	CYP	enables	GO:0005488	GO:0016018	cyclosporin A binding	ECO:0000315	IMP	PMID:8645184		4577	AgBase		F
UniProtKB	P24345	KN-1	enables	GO:0003723	GO:0003723	RNA binding	ECO:0000314	IDA	PMID:17965274		4577	UniProt		F
UniProtKB	P24345	KN-1	enables	GO:0005515	GO:0005515	protein binding	ECO:0000353	IPI	PMID:17965274	UniProtKB:A0A1S3X835	4577	UniProt		F
UniProtKB	P27347	MNB1B	enables	GO:0003677	GO:0000976	transcription cis-regulatory region binding	ECO:0000314	IDA	PMID:8340424		4577	AgBase		F
UniProtKB	P27787	FDX1	enables	GO:0003824	GO:0009055	electron transfer activity	ECO:0000314	IDA	PMID:11724563		4577	AgBase		F
UniProtKB	P27787	FDX1	enables	GO:0005488	GO:0051537	2 iron, 2 sulfur cluster binding	ECO:0000314	IDA	PMID:16668395		4577	AgBase		F
UniProtKB	P27787	FDX1	enables	GO:0005515	GO:0005515	protein binding	ECO:0000353	IPI	PMID:10889253	UniProtKB:Q9SLP6	4577	AgBase		F
UniProtKB	P27787	FDX1	enables	GO:0005515	GO:0005515	protein binding	ECO:0000353	IPI	PMID:10889253	UniProtKB:Q41736	4577	AgBase		F
UniProtKB	P27788	FDX3	enables	GO:0003824	GO:0009055	electron transfer activity	ECO:0000314	IDA	PMID:11724563		4577	AgBase		F
UniProtKB	P27788	FDX3	enables	GO:0005488	GO:0051537	2 iron, 2 sulfur cluster binding	ECO:0000314	IDA	PMID:16668395		4577	AgBase		F
UniProtKB	P27788	FDX3	enables	GO:0005515	GO:0005515	protein binding	ECO:0000353	IPI	PMID:10889253	UniProtKB:Q9SLP6	4577	AgBase		F
UniProtKB	P27788	FDX3	enables	GO:0005515	GO:0005515	protein binding	ECO:0000353	IPI	PMID:10889253	UniProtKB:Q41736	4577	AgBase		F
UniProtKB	P29022	CHIA	enables	GO:0016787	GO:0008843	endochitinase activity	ECO:0000314	IDA	PMID:1551872		4577	UniProt		F
UniProtKB	P29022	CHIA	enables	GO:0016787	GO:0008843	endochitinase activity	ECO:0000314	IDA	PMID:1740436		4577	UniProt		F
UniProtKB	P29022	CHIA	enables	GO:0016787	GO:0008843	endochitinase activity	ECO:0000314	IDA	PMID:28328103		4577	UniProt		F
UniProtKB	P29022	CHIA	enables	GO:0016787	GO:0008843	endochitinase activity	ECO:0000314	IDA	PMID:24616181		4577	UniProt		F
UniProtKB	P29185	CPN60I	enables	GO:0005515	GO:0051117	ATPase binding	ECO:0000353	IPI	PMID:1973526	UniProtKB:P05494	4577	AgBase		F
UniProtKB	P35081	PRO1	enables	GO:0005515	GO:0003785	actin monomer binding	ECO:0000314	IDA	PMID:9634586		4577	AgBase		F
UniProtKB	P35081	PRO1	enables	GO:0005515	GO:0070064	proline-rich region binding	ECO:0000314	IDA	PMID:9634586		4577	AgBase		F
UniProtKB	P35082	PRO2	enables	GO:0005515	GO:0003785	actin monomer binding	ECO:0000314	IDA	PMID:9581573		4577	AgBase		F
UniProtKB	P35082	PRO2	enables	GO:0005515	GO:0070064	proline-rich region binding	ECO:0000314	IDA	PMID:9581573		4577	AgBase		F
UniProtKB	P35083	PRO3	enables	GO:0005515	GO:0003785	actin monomer binding	ECO:0000314	IDA	PMID:9581573		4577	AgBase		F
UniProtKB	P35083	PRO3	enables	GO:0005515	GO:0070064	proline-rich region binding	ECO:0000314	IDA	PMID:9581573		4577	AgBase		F
UniProtKB	P38564	MNB1A	enables	GO:0003677	GO:0000976	transcription cis-regulatory region binding	ECO:0000314	IDA	PMID:8340424		4577	AgBase		F
UniProtKB	P38564	MNB1A	enables	GO:0003677	GO:0003677	DNA binding	ECO:0000315	IMP	PMID:7567449		4577	AgBase		F
UniProtKB	P38564	MNB1A	enables	GO:0005488	GO:0008270	zinc ion binding	ECO:0000315	IMP	PMID:7567449		4577	AgBase		F
UniProtKB	P42057	POR1	enables	GO:0005215	GO:0008308	voltage-gated monoatomic anion channel activity	ECO:0000314	IDA	PMID:16664537		4577	AgBase		F
UniProtKB	P46252	RPP2A	enables	GO:0005515	GO:0044877	protein-containing complex binding	ECO:0000314	IDA	PMID:9276949		4577	AgBase		F
UniProtKB	P46420	GST4	enables	GO:0016740	GO:0004364	glutathione transferase activity	ECO:0000314	IDA	PMID:8278534		4577	AgBase		F
UniProtKB	P46420	GST4	enables	GO:0005515	GO:0042803	protein homodimerization activity	ECO:0000314	IDA	PMID:8278534		4577	AgBase		F
UniProtKB	P46420	GST4	enables	GO:0005488	GO:0043295	glutathione binding	ECO:0000314	IDA	PMID:8278534		4577	AgBase		F
UniProtKB	P49106	GRF1	enables	GO:0003677	GO:0003677	DNA binding	ECO:0000314	IDA	PMID:7846163		4577	AgBase		F
UniProtKB	P49106	GRF1	enables	GO:0005515	GO:0044877	protein-containing complex binding	ECO:0000314	IDA	PMID:7846163		4577	AgBase		F
UniProtKB	P49235	GLU1	enables	GO:0016787	GO:0008422	beta-glucosidase activity	ECO:0000314	IDA	PMID:10099619		4577	UniProt		F
UniProtKB	P49235	GLU1	enables	GO:0016787	GO:0015923	mannosidase activity	ECO:0000314	IDA	PMID:10099619		4577	UniProt		F
UniProtKB	P49235	GLU1	enables	GO:0016787	GO:0015925	galactosidase activity	ECO:0000314	IDA	PMID:10099619		4577	UniProt		F
UniProtKB	P49235	GLU1	enables	GO:0016787	GO:0015928	fucosidase activity	ECO:0000314	IDA	PMID:10099619		4577	UniProt		F
UniProtKB	P49235	GLU1	enables	GO:0016787	GO:0016162	cellulose 1,4-beta-cellobiosidase activity	ECO:0000314	IDA	PMID:10099619		4577	UniProt		F
UniProtKB	P49235	GLU1	enables	GO:0016787	GO:0097599	xylanase activity	ECO:0000314	IDA	PMID:10099619		4577	UniProt		F
UniProtKB	P49727	P49727	enables	GO:0005215	GO:0008121	ubiquinol-cytochrome-c reductase activity	ECO:0000316	IGI	PMID:1961737	UniProtKB:P08067	4577	AgBase		F
UniProtKB	P49727	P49727	enables	GO:0003824	GO:0008121	ubiquinol-cytochrome-c reductase activity	ECO:0000316	IGI	PMID:1961737	UniProtKB:P08067	4577	AgBase		F
UniProtKB	P52580	IRL	NOT|enables	GO:0003824	GO:0047526	2'-hydroxyisoflavone reductase activity	ECO:0000314	IDA	PMID:8597660		4577	AgBase		F
UniProtKB	P52580	IRL	enables	GO:0000166	GO:0070402	NADPH binding	ECO:0000314	IDA	PMID:8597660		4577	AgBase		F
UniProtKB	P52855	RPP1A	enables	GO:0005515	GO:0044877	protein-containing complex binding	ECO:0000314	IDA	PMID:9276949		4577	AgBase		F
UniProtKB	P93804	P93804	enables	GO:0003824	GO:0004614	phosphoglucomutase activity	ECO:0000314	IDA	PMID:9662542		4577	CACAO		F
UniProtKB	Q01526	GRF2	enables	GO:0003677	GO:0003677	DNA binding	ECO:0000314	IDA	PMID:7846163		4577	AgBase		F
UniProtKB	Q01526	GRF2	enables	GO:0005515	GO:0044877	protein-containing complex binding	ECO:0000314	IDA	PMID:7846163		4577	AgBase		F
UniProtKB	Q06509	COMT	enables	GO:0016740	GO:0008757	S-adenosylmethionine-dependent methyltransferase activity	ECO:0000314	IDA	DOI:10.1080/13880200701729745		4577	UniProt		F
UniProtKB	Q06509	COMT	enables	GO:0016740	GO:0008171	O-methyltransferase activity	ECO:0000314	IDA	DOI:10.1080/13880200701729745		4577	UniProt		F
UniProtKB	Q10724	Q10724	enables	GO:0003824	GO:0003755	peptidyl-prolyl cis-trans isomerase activity	ECO:0000314	IDA	PMID:8645184		4577	AgBase		F
UniProtKB	Q10724	Q10724	enables	GO:0005488	GO:0016018	cyclosporin A binding	ECO:0000314	IDA	PMID:8645184		4577	AgBase		F
UniProtKB	Q1EG72	TPS11	enables	GO:0003824	GO:0010333	terpene synthase activity	ECO:0000314	IDA	PMID:18524777		4577	UniProt		F
UniProtKB	Q1W5S8	RA3	enables	GO:0016787	GO:0004805	trehalose-phosphatase activity	ECO:0000314	IDA	PMID:16688177		4577	UniProt		F
UniProtKB	Q29SB6	100284195	enables	GO:0004518	GO:0004540	RNA nuclease activity	ECO:0000314	IDA	PMID:18944208		4577	AgBase		F
UniProtKB	Q29SB6	100284195	enables	GO:0004518	GO:0004540	RNA nuclease activity	ECO:0000314	IDA	PMID:19682768		4577	AgBase		F
UniProtKB	Q29VN2	TPS2	enables	GO:0003824	GO:0010334	sesquiterpene synthase activity	ECO:0000314	IDA	PMID:27662898		4577	UniProt		F
UniProtKB	Q29VN2	TPS2	enables	GO:0003824	GO:0034007	S-linalool synthase activity	ECO:0000314	IDA	PMID:27662898		4577	UniProt		F
UniProtKB	Q29VN2	TPS2	enables	GO:0003824	GO:0080013	(E,E)-geranyllinalool synthase activity	ECO:0000314	IDA	PMID:27662898		4577	UniProt		F
UniProtKB	Q32SG3	LBD6	enables	GO:0005515	GO:0005515	protein binding	ECO:0000353	IPI	PMID:16243907	UniProtKB:Q9S7B2	4577	IntAct		F
UniProtKB	Q32SG4	Q32SG4	enables	GO:0005515	GO:0005515	protein binding	ECO:0000353	IPI	PMID:16243907	UniProtKB:Q9S7B2	4577	IntAct		F
UniProtKB	Q32SG5	Q32SG5	enables	GO:0005515	GO:0005515	protein binding	ECO:0000353	IPI	PMID:16243907	UniProtKB:Q9S7B2	4577	IntAct		F
UniProtKB	Q32SG6	Q32SG6	enables	GO:0005515	GO:0005515	protein binding	ECO:0000353	IPI	PMID:16243907	UniProtKB:Q9S7B2	4577	IntAct		F
UniProtKB	Q41735	GBF1	enables	GO:0003677	GO:0043565	sequence-specific DNA binding	ECO:0000314	IDA	PMID:7846163		4577	AgBase		F
UniProtKB	Q41735	GBF1	enables	GO:0005515	GO:0044877	protein-containing complex binding	ECO:0000314	IDA	PMID:7846163		4577	AgBase		F
UniProtKB	Q41736	Q41736	enables	GO:0003824	GO:0009055	electron transfer activity	ECO:0000314	IDA	PMID:11724563		4577	AgBase		F
UniProtKB	Q41736	Q41736	NOT|enables	GO:0003824	GO:0003954	NADH dehydrogenase activity	ECO:0000314	IDA	PMID:10889253		4577	AgBase		F
UniProtKB	Q41736	Q41736	enables	GO:0003824	GO:0003959	NADPH dehydrogenase activity	ECO:0000314	IDA	PMID:11724563		4577	AgBase		F
UniProtKB	Q41736	Q41736	enables	GO:0003824	GO:0003959	NADPH dehydrogenase activity	ECO:0000314	IDA	PMID:10889253		4577	AgBase		F
UniProtKB	Q41736	Q41736	enables	GO:0003824	GO:0016653	oxidoreductase activity, acting on NAD(P)H, heme protein as acceptor	ECO:0000314	IDA	PMID:11724563		4577	AgBase		F
UniProtKB	Q41736	Q41736	enables	GO:0003824	GO:0016653	oxidoreductase activity, acting on NAD(P)H, heme protein as acceptor	ECO:0000314	IDA	PMID:10889253		4577	AgBase		F
UniProtKB	Q41736	Q41736	enables	GO:0000166	GO:0070402	NADPH binding	ECO:0000314	IDA	PMID:11724563		4577	AgBase		F
UniProtKB	Q41736	Q41736	enables	GO:0005515	GO:0005515	protein binding	ECO:0000353	IPI	PMID:10889253	UniProtKB:P27787	4577	AgBase		F
UniProtKB	Q41736	Q41736	enables	GO:0005515	GO:0005515	protein binding	ECO:0000353	IPI	PMID:10889253	UniProtKB:P27788	4577	AgBase		F
UniProtKB	Q41771	AN1	enables	GO:0003824	GO:0010333	terpene synthase activity	ECO:0000314	IDA	PMID:16307364		4577	UniProt		F
UniProtKB	Q41771	AN1	enables	GO:0003824	GO:0016853	isomerase activity	ECO:0000315	IMP	PMID:16307364		4577	UniProt		F
UniProtKB	Q41870	PIP1-1	enables	GO:0005515	GO:0005515	protein binding	ECO:0000353	IPI	PMID:17636130	UniProtKB:Q84RL7	4577	AgBase		F
UniProtKB	Q41870	PIP1-1	enables	GO:0005515	GO:0005515	protein binding	ECO:0000353	IPI	PMID:17636130	UniProtKB:Q9XF58	4577	AgBase		F
UniProtKB	Q43274	rf2	enables	GO:0003824	GO:0004029	aldehyde dehydrogenase (NAD+) activity	ECO:0000314	IDA	PMID:11340182		4577	CACAO		F
UniProtKB	Q5GA22	MIK	enables	GO:0016301	GO:0019140	inositol 3-kinase activity	ECO:0000314	IDA	PMID:15918884		4577	UniProt		F
UniProtKB	Q5GJ59	TPS7	enables	GO:0005488	GO:0000287	magnesium ion binding	ECO:0000314	IDA	PMID:27421723		4577	UniProt		F
UniProtKB	Q5GJ59	TPS7	enables	GO:0003824	GO:0010333	terpene synthase activity	ECO:0000314	IDA	PMID:27421723		4577	UniProt		F
UniProtKB	Q5GJ60	TPS6	enables	GO:0003824	GO:0010333	terpene synthase activity	ECO:0000314	IDA	PMID:18524777		4577	UniProt		F
UniProtKB	Q5MP56	BA1	enables	GO:0005515	GO:0005515	protein binding	ECO:0000353	IPI	PMID:18466309	UniProtKB:A6MW92	4577	IntAct	occurs_in(GO:0005634)	F
UniProtKB	Q6EI12	PSY2	enables	GO:0016740	GO:0016767	geranylgeranyl-diphosphate geranylgeranyltransferase activity	ECO:0000314	IDA	PMID:15247400		4577	UniProt		F
UniProtKB	Q6EI12	PSY2	enables	GO:0016787	GO:0046905	15-cis-phytoene synthase activity	ECO:0000314	IDA	PMID:15247400		4577	UniProt		F
UniProtKB	Q6JAH6	100273297	enables	GO:0003824	GO:0004602	glutathione peroxidase activity	ECO:0000314	IDA	DOI:10.1007/s11738-008-0134-x		4577	AgBase		F
UniProtKB	Q6WS85	SMH1	enables	GO:0003677	GO:0003691	double-stranded telomeric DNA binding	ECO:0000314	IDA	PMID:14576282		4577	UniProt		F
UniProtKB	Q6WS85	SMH1	enables	GO:0003677	GO:0043047	single-stranded telomeric DNA binding	ECO:0000314	IDA	PMID:14576282		4577	UniProt		F
UniProtKB	Q6XC06	GlxI	enables	GO:0003824	GO:0004462	lactoylglutathione lyase activity	ECO:0000314	IDA	PMID:18943070		4577	AgBase		F
UniProtKB	Q6XZ78	FRK2	enables	GO:0016301	GO:0008865	fructokinase activity	ECO:0000314	IDA	PMID:11432937		4577	AgBase		F
UniProtKB	Q6XZ78	FRK2	NOT|enables	GO:0016301	GO:0004340	glucokinase activity	ECO:0000314	IDA	PMID:11432937		4577	AgBase		F
UniProtKB	Q76GZ9	ZmHK3a	enables	GO:0038023	GO:0009885	transmembrane histidine kinase cytokinin receptor activity	ECO:0000314	IDA	PMID:15064375		4577	AgBase		F
UniProtKB	Q76GZ9	ZmHK3a	enables	GO:0016301	GO:0009885	transmembrane histidine kinase cytokinin receptor activity	ECO:0000314	IDA	PMID:15064375		4577	AgBase		F
UniProtKB	Q76GZ9	ZmHK3a	enables	GO:0005488	GO:0042562	hormone binding	ECO:0000314	IDA	PMID:15064375		4577	AgBase		F
UniProtKB	Q76H00	ZmHK2	enables	GO:0038023	GO:0009885	transmembrane histidine kinase cytokinin receptor activity	ECO:0000314	IDA	PMID:15064375		4577	AgBase		F
UniProtKB	Q76H00	ZmHK2	enables	GO:0016301	GO:0009885	transmembrane histidine kinase cytokinin receptor activity	ECO:0000314	IDA	PMID:15064375		4577	AgBase		F
UniProtKB	Q76H00	ZmHK2	enables	GO:0005488	GO:0042562	hormone binding	ECO:0000314	IDA	PMID:15064375		4577	AgBase		F
UniProtKB	Q7SIC9	Q7SIC9	enables	GO:0016740	GO:0004802	transketolase activity	ECO:0000314	IDA	PMID:12913150		4577	AgBase		F
UniProtKB	Q7XB40	gs	enables	GO:0003824	GO:0004363	glutathione synthase activity	ECO:0000314	IDA	DOI:10.1007/s11738-008-0134-x		4577	AgBase		F
UniProtKB	Q84N48	CAF2	enables	GO:0005515	GO:0005515	protein binding	ECO:0000353	IPI	PMID:19251672	UniProtKB:A7UDM2	4577	IntAct		F
UniProtKB	Q84N48	CAF2	enables	GO:0005515	GO:0005515	protein binding	ECO:0000353	IPI	PMID:19251672	UniProtKB:B6TTV8	4577	IntAct		F
UniProtKB	Q84N49	CAF1	enables	GO:0005515	GO:0005515	protein binding	ECO:0000353	IPI	PMID:19251672	UniProtKB:B6TTV8	4577	IntAct		F
UniProtKB	Q84RL7	PIP2-1	enables	GO:0005515	GO:0005515	protein binding	ECO:0000353	IPI	PMID:17636130	UniProtKB:Q41870	4577	AgBase		F
UniProtKB	Q84RL7	PIP2-1	enables	GO:0005515	GO:0005515	protein binding	ECO:0000353	IPI	PMID:17636130	UniProtKB:Q9ATN0	4577	AgBase		F
UniProtKB	Q84RL7	PIP2-1	enables	GO:0005515	GO:0005515	protein binding	ECO:0000353	IPI	PMID:17636130	UniProtKB:Q9XF59	4577	AgBase		F
UniProtKB	Q84TC2	BX6	enables	GO:0003824	GO:0016706	2-oxoglutarate-dependent dioxygenase activity	ECO:0000314	IDA	PMID:12620350		4577	CACAO		F
UniProtKB	Q84Y01	ITPK1	enables	GO:0016301	GO:0047325	inositol tetrakisphosphate 1-kinase activity	ECO:0000314	IDA	PMID:12586875		4577	UniProt		F
UniProtKB	Q84Y01	ITPK1	enables	GO:0016301	GO:0052725	inositol-1,3,4-trisphosphate 6-kinase activity	ECO:0000314	IDA	PMID:12586875		4577	UniProt		F
UniProtKB	Q84Y01	ITPK1	enables	GO:0016301	GO:0052726	inositol-1,3,4-trisphosphate 5-kinase activity	ECO:0000314	IDA	PMID:12586875		4577	UniProt		F
UniProtKB	Q84Y01	ITPK1	enables	GO:0016301	GO:0000825	inositol tetrakisphosphate 6-kinase activity	ECO:0000314	IDA	PMID:12586875		4577	AgBase		F
UniProtKB	Q84Y01	ITPK1	enables	GO:0016301	GO:0047325	inositol tetrakisphosphate 1-kinase activity	ECO:0000314	IDA	PMID:12586875		4577	AgBase		F
UniProtKB	Q84ZW8	TPS1	enables	GO:0003824	GO:0009899	ent-kaurene synthase activity	ECO:0000314	IDA	PMID:26620527		4577	UniProt		F
UniProtKB	Q84ZW8	TPS1	enables	GO:0003824	GO:0010333	terpene synthase activity	ECO:0000314	IDA	PMID:12481088		4577	UniProt		F
UniProtKB	Q84ZW8	TPS1	enables	GO:0003824	GO:0102145	(3R)-(E)-nerolidol synthase activity	ECO:0000314	IDA	PMID:12481088		4577	UniProt		F
UniProtKB	Q84ZW8	TPS1	enables	GO:0003824	GO:0034008	R-linalool synthase activity	ECO:0000314	IDA	PMID:12481088		4577	UniProt		F
UniProtKB	Q8L5G8	Q8L5G8	enables	GO:0016301	GO:0008865	fructokinase activity	ECO:0000314	IDA	PMID:11432937		4577	AgBase		F
UniProtKB	Q8L5G8	Q8L5G8	enables	GO:0016301	GO:0004340	glucokinase activity	ECO:0000314	IDA	PMID:11432937		4577	AgBase		F
UniProtKB	Q8LNY9	ZmHP3	enables	GO:0005515	GO:0005515	protein binding	ECO:0000353	IPI	PMID:12856940	UniProtKB:Q9ZQW0	4577	AgBase		F
UniProtKB	Q8LNY9	ZmHP3	enables	GO:0005515	GO:0005515	protein binding	ECO:0000353	IPI	PMID:12856940	UniProtKB:Q9AV93	4577	AgBase		F
UniProtKB	Q8LNY9	ZmHP3	enables	GO:0005515	GO:0005515	protein binding	ECO:0000353	IPI	PMID:12856940	UniProtKB:Q94LW1	4577	AgBase		F
UniProtKB	Q8LNY9	ZmHP3	enables	GO:0005515	GO:0005515	protein binding	ECO:0000353	IPI	PMID:12856940	UniProtKB:Q948L2	4577	AgBase		F
UniProtKB	Q8RVL1	DEK1	enables	GO:0016787	GO:0008234	cysteine-type peptidase activity	ECO:0000315	IMP	PMID:12824178		4577	UniProt		F
UniProtKB	Q8RW98	BRK1	enables	GO:0005515	GO:0042802	identical protein binding	ECO:0000314	IDA	PMID:18560548		4577	UniProt		F
UniProtKB	Q8RXA5	CISZOG2	enables	GO:0016740	GO:0050502	cis-zeatin O-beta-D-glucosyltransferase activity	ECO:0000314	IDA	PMID:12644686		4577	AgBase		F
UniProtKB	Q8VXG7	PAL1	enables	GO:0003824	GO:0045548	phenylalanine ammonia-lyase activity	ECO:0000314	IDA	PMID:9008393		4577	AgBase		F
UniProtKB	Q8W2B7	Bx8	enables	GO:0016740	GO:0047254	2,4-dihydroxy-7-methoxy-2H-1,4-benzoxazin-3(4H)-one 2-D-glucosyltransferase activity	ECO:0000314	IDA	PMID:11851909		4577	UniProt		F
UniProtKB	Q8W4W3	gsh1	enables	GO:0003824	GO:0004357	glutamate-cysteine ligase activity	ECO:0000314	IDA	DOI:10.1007/s11738-008-0134-x		4577	AgBase		F
UniProtKB	Q93XP7	CISZOG1	enables	GO:0016740	GO:0050502	cis-zeatin O-beta-D-glucosyltransferase activity	ECO:0000314	IDA	PMID:11331778		4577	AgBase		F
UniProtKB	Q948L2	ZmRR10	enables	GO:0005515	GO:0005515	protein binding	ECO:0000353	IPI	PMID:12856940	UniProtKB:Q9ST01	4577	AgBase		F
UniProtKB	Q948L2	ZmRR10	enables	GO:0005515	GO:0005515	protein binding	ECO:0000353	IPI	PMID:12856940	UniProtKB:Q9SLX1	4577	AgBase		F
UniProtKB	Q948L2	ZmRR10	enables	GO:0005515	GO:0005515	protein binding	ECO:0000353	IPI	PMID:12856940	UniProtKB:Q8LNY9	4577	AgBase		F
UniProtKB	Q94LW1	ZmRR9	enables	GO:0005515	GO:0005515	protein binding	ECO:0000353	IPI	PMID:12856940	UniProtKB:Q9ST01	4577	AgBase		F
UniProtKB	Q94LW1	ZmRR9	enables	GO:0005515	GO:0005515	protein binding	ECO:0000353	IPI	PMID:12856940	UniProtKB:Q9SLX1	4577	AgBase		F
UniProtKB	Q94LW1	ZmRR9	enables	GO:0005515	GO:0005515	protein binding	ECO:0000353	IPI	PMID:12856940	UniProtKB:Q8LNY9	4577	AgBase		F
UniProtKB	Q9ATN0	PIP1-6	enables	GO:0005515	GO:0005515	protein binding	ECO:0000353	IPI	PMID:17636130	UniProtKB:Q84RL7	4577	AgBase		F
UniProtKB	Q9AV93	ZmRR8	enables	GO:0005515	GO:0005515	protein binding	ECO:0000353	IPI	PMID:12856940	UniProtKB:Q9ST01	4577	AgBase		F
UniProtKB	Q9AV93	ZmRR8	enables	GO:0005515	GO:0005515	protein binding	ECO:0000353	IPI	PMID:12856940	UniProtKB:Q9SLX1	4577	AgBase		F
UniProtKB	Q9AV93	ZmRR8	enables	GO:0005515	GO:0005515	protein binding	ECO:0000353	IPI	PMID:12856940	UniProtKB:Q8LNY9	4577	AgBase		F
UniProtKB	Q9FR39	PRO5	enables	GO:0005515	GO:0043621	protein self-association	ECO:0000314	IDA	PMID:27586352		4577	UniProt		F
UniProtKB	Q9FR39	PRO5	enables	GO:0005515	GO:0003785	actin monomer binding	ECO:0000315	IMP	PMID:11485551		4577	AgBase		F
UniProtKB	Q9FR39	PRO5	enables	GO:0005515	GO:0070064	proline-rich region binding	ECO:0000315	IMP	PMID:11485551		4577	AgBase		F
UniProtKB	Q9FRY7	ZmHK1	enables	GO:0038023	GO:0009885	transmembrane histidine kinase cytokinin receptor activity	ECO:0000314	IDA	PMID:15064375		4577	AgBase		F
UniProtKB	Q9FRY7	ZmHK1	enables	GO:0016301	GO:0009885	transmembrane histidine kinase cytokinin receptor activity	ECO:0000314	IDA	PMID:15064375		4577	AgBase		F
UniProtKB	Q9FRY7	ZmHK1	enables	GO:0005488	GO:0042562	hormone binding	ECO:0000314	IDA	PMID:15064375		4577	AgBase		F
UniProtKB	Q9FYS5	HMGIY2	enables	GO:0003677	GO:0043565	sequence-specific DNA binding	ECO:0000314	IDA	PMID:19781672		4577	UniProt		F
UniProtKB	Q9S7B2	RS2	enables	GO:0005515	GO:0005515	protein binding	ECO:0000353	IPI	PMID:16243907	UniProtKB:Q32SG3	4577	IntAct		F
UniProtKB	Q9S7B2	RS2	enables	GO:0005515	GO:0005515	protein binding	ECO:0000353	IPI	PMID:16243907	UniProtKB:Q32SG4	4577	IntAct		F
UniProtKB	Q9S7B2	RS2	enables	GO:0005515	GO:0005515	protein binding	ECO:0000353	IPI	PMID:16243907	UniProtKB:Q32SG5	4577	IntAct		F
UniProtKB	Q9S7B2	RS2	enables	GO:0005515	GO:0005515	protein binding	ECO:0000353	IPI	PMID:16243907	UniProtKB:Q32SG6	4577	IntAct		F
UniProtKB	Q9SLP6	L-FNRI	enables	GO:0003824	GO:0009055	electron transfer activity	ECO:0000314	IDA	PMID:11724563		4577	AgBase		F
UniProtKB	Q9SLP6	L-FNRI	NOT|enables	GO:0003824	GO:0003954	NADH dehydrogenase activity	ECO:0000314	IDA	PMID:10889253		4577	AgBase		F
UniProtKB	Q9SLP6	L-FNRI	enables	GO:0003824	GO:0003959	NADPH dehydrogenase activity	ECO:0000314	IDA	PMID:10889253		4577	AgBase		F
UniProtKB	Q9SLP6	L-FNRI	enables	GO:0003824	GO:0016653	oxidoreductase activity, acting on NAD(P)H, heme protein as acceptor	ECO:0000314	IDA	PMID:10889253		4577	AgBase		F
UniProtKB	Q9SLP6	L-FNRI	enables	GO:0005515	GO:0005515	protein binding	ECO:0000353	IPI	PMID:10889253	UniProtKB:P27787	4577	AgBase		F
UniProtKB	Q9SLP6	L-FNRI	enables	GO:0005515	GO:0005515	protein binding	ECO:0000353	IPI	PMID:10889253	UniProtKB:P27788	4577	AgBase		F
UniProtKB	Q9SLX1	ZmHP2	enables	GO:0016301	GO:0009927	histidine phosphotransfer kinase activity	ECO:0000314	IDA	PMID:12856940		4577	AgBase		F
UniProtKB	Q9SLX1	ZmHP2	enables	GO:0016301	GO:0009927	histidine phosphotransfer kinase activity	ECO:0000314	IDA	PMID:10608665		4577	AgBase		F
UniProtKB	Q9SLX1	ZmHP2	enables	GO:0005515	GO:0005515	protein binding	ECO:0000353	IPI	PMID:12856940	UniProtKB:Q9ZQW0	4577	AgBase		F
UniProtKB	Q9SLX1	ZmHP2	enables	GO:0005515	GO:0005515	protein binding	ECO:0000353	IPI	PMID:12856940	UniProtKB:Q9AV93	4577	AgBase		F
UniProtKB	Q9SLX1	ZmHP2	enables	GO:0005515	GO:0005515	protein binding	ECO:0000353	IPI	PMID:12856940	UniProtKB:Q94LW1	4577	AgBase		F
UniProtKB	Q9SLX1	ZmHP2	enables	GO:0005515	GO:0005515	protein binding	ECO:0000353	IPI	PMID:12856940	UniProtKB:Q948L2	4577	AgBase		F
UniProtKB	Q9SM20	gst3b	enables	GO:0016740	GO:0004364	glutathione transferase activity	ECO:0000314	IDA	PMID:10527424		4577	AgBase		F
UniProtKB	Q9SM20	gst3b	enables	GO:0005515	GO:0042803	protein homodimerization activity	ECO:0000314	IDA	PMID:10527424		4577	AgBase		F
UniProtKB	Q9ST01	ZmHP1	enables	GO:0016301	GO:0009927	histidine phosphotransfer kinase activity	ECO:0000314	IDA	PMID:12856940		4577	AgBase		F
UniProtKB	Q9ST01	ZmHP1	enables	GO:0005515	GO:0005515	protein binding	ECO:0000353	IPI	PMID:12856940	UniProtKB:Q9ZQW0	4577	AgBase		F
UniProtKB	Q9ST01	ZmHP1	enables	GO:0005515	GO:0005515	protein binding	ECO:0000353	IPI	PMID:12856940	UniProtKB:Q9AV93	4577	AgBase		F
UniProtKB	Q9ST01	ZmHP1	enables	GO:0005515	GO:0005515	protein binding	ECO:0000353	IPI	PMID:12856940	UniProtKB:Q94LW1	4577	AgBase		F
UniProtKB	Q9ST01	ZmHP1	enables	GO:0005515	GO:0005515	protein binding	ECO:0000353	IPI	PMID:12856940	UniProtKB:Q948L2	4577	AgBase		F
UniProtKB	Q9XF14	BSD2	enables	GO:0005488	GO:1905538	polysome binding	ECO:0000314	IDA	PMID:10330470		4577	UniProt		F
UniProtKB	Q9XF58	PIP2-5	enables	GO:0005515	GO:0005515	protein binding	ECO:0000353	IPI	PMID:17636130	UniProtKB:Q41870	4577	AgBase		F
UniProtKB	Q9XF59	PIP1-2	enables	GO:0005515	GO:0005515	protein binding	ECO:0000353	IPI	PMID:17636130	UniProtKB:Q84RL7	4577	AgBase		F
UniProtKB	Q9XFJ8	TATA	enables	GO:0005215	GO:0009977	proton motive force dependent protein transmembrane transporter activity	ECO:0000315	IMP	PMID:10525534		4577	UniProt		F
UniProtKB	Q9ZP60	gst7	enables	GO:0016740	GO:0004364	glutathione transferase activity	ECO:0000314	IDA	PMID:10527424		4577	AgBase		F
UniProtKB	Q9ZP60	gst7	enables	GO:0005515	GO:0042803	protein homodimerization activity	ECO:0000314	IDA	PMID:10527424		4577	AgBase		F
UniProtKB	Q9ZP60	gst7	enables	GO:0005515	GO:0046982	protein heterodimerization activity	ECO:0000314	IDA	PMID:10527424		4577	AgBase		F
UniProtKB	Q9ZP61	gst6	enables	GO:0016740	GO:0004364	glutathione transferase activity	ECO:0000314	IDA	PMID:10527424		4577	AgBase		F
UniProtKB	Q9ZP61	gst6	enables	GO:0005515	GO:0042803	protein homodimerization activity	ECO:0000314	IDA	PMID:10527424		4577	AgBase		F
UniProtKB	Q9ZP61	gst6	enables	GO:0005515	GO:0046982	protein heterodimerization activity	ECO:0000314	IDA	PMID:10527424		4577	AgBase		F
UniProtKB	Q9ZP62	gst3a	enables	GO:0016740	GO:0004364	glutathione transferase activity	ECO:0000314	IDA	PMID:9417936		4577	AgBase		F
UniProtKB	Q9ZP62	gst3a	enables	GO:0005515	GO:0042803	protein homodimerization activity	ECO:0000314	IDA	PMID:10527424		4577	AgBase		F
UniProtKB	Q9ZQW0	ZmRR1	enables	GO:0005515	GO:0005515	protein binding	ECO:0000353	IPI	PMID:12856940	UniProtKB:Q9ST01	4577	AgBase		F
UniProtKB	Q9ZQW0	ZmRR1	enables	GO:0005515	GO:0005515	protein binding	ECO:0000353	IPI	PMID:12856940	UniProtKB:Q9SLX1	4577	AgBase		F
UniProtKB	Q9ZQW0	ZmRR1	enables	GO:0005515	GO:0005515	protein binding	ECO:0000353	IPI	PMID:12856940	UniProtKB:Q8LNY9	4577	AgBase		F
UniProtKB	Q9ZQY0	Q9ZQY0	enables	GO:0003824	GO:0004739	pyruvate dehydrogenase (acetyl-transferring) activity	ECO:0000314	IDA	PMID:9952460		4577	AgBase		F
UniProtKB	Q9ZQY2	542483	enables	GO:0003824	GO:0004739	pyruvate dehydrogenase (acetyl-transferring) activity	ECO:0000314	IDA	PMID:9952460		4577	AgBase		F
UniProtKB	Q9ZR86	Q9ZR86	enables	GO:0003824	GO:0004791	thioredoxin-disulfide reductase (NADP) activity	ECO:0000314	IDA	PMID:9808743		4577	AgBase		F
